개방자치단체코드,관리번호,영업상태명,소재지면적,지번주소,도로명주소,도로명우편번호,사업장명,업태구분명,좌표정보(X),좌표정보(Y),,,,,,,
3010000,3010000-102-1904-02602,폐업,97.7,서울특별시 중구 황학동 72-0번지 ,,,한신그릴,극장식당,,,,,,,,,
3010000,3010000-102-1967-02477,영업/정상,81.8,서울특별시 중구 북창동 120-3번지 ,서울특별시 중구 남대문로1길 12 (북창동),4526,폭스,룸살롱,197956.4873,451034.3275,,,,,,,
3010000,3010000-102-1968-02422,폐업,23.4,서울특별시 중구 의주로2가 4-6번지 ,,,오비치킨,간이주점,,,,,,,,,
3010000,3010000-102-1968-02511,폐업,165.24,서울특별시 중구 중림동 123-7번지 ,,,무지개-룸싸롱,룸살롱,,,,,,,,,
3010000,3010000-102-1968-02514,폐업,208.69,서울특별시 중구 무교동 1-0번지 ,,,힐탑,룸살롱,198126.5019,451827.9732,,,,,,,
3010000,3010000-102-1970-02611,폐업,0,서울특별시 중구 의주로2가 82-0번지 ,,,회림,극장식당,,,,,,,,,
3010000,3010000-102-1971-02556,폐업,277.83,서울특별시 중구 황학동 2478-0번지 ,,,뉴관광-바,비어(바)살롱,201947.0843,451473.9642,,,,,,,
3010000,3010000-102-1971-02610,폐업,495.81,서울특별시 중구 중림동 83-5번지 ,,,영스타,극장식당,,,,,,,,,
3010000,3010000-102-1971-02629,폐업,495.81,서울특별시 중구 중림동 83-5번지 ,,,영스타,관광호텔나이트(디스코),,,,,,,,,
3010000,3010000-102-1972-02492,폐업,241.68,서울특별시 중구 광희동1가 143-1번지 ,,,보물섬,룸살롱,,,,,,,,,
3010000,3010000-102-1972-02504,폐업,108,서울특별시 중구 주교동 95-1번지 ,,,발리,룸살롱,,,,,,,,,
3010000,3010000-102-1972-02517,폐업,950.6,서울특별시 중구 인현동2가 73-1번지 ,,,풍전호텔뉴비지니스클럽,룸살롱,199550.5063,451392.2197,,,,,,,
3010000,3010000-102-1972-02524,폐업,6.8,서울특별시 중구 주교동 144-3번지 ,,,파레스,룸살롱,,,,,,,,,
3010000,3010000-102-1972-02544,폐업,352.82,서울특별시 중구 태평로1가 61-1번지 ,,,(주)코리아나호텔블루룸,비어(바)살롱,197867.1566,451779.8809,,,,,,,
3010000,3010000-102-1972-02568,폐업,245.39,서울특별시 중구 남산동2가 1-1번지 ,,,프리월드,룸살롱,198717.8245,450932.9648,,,,,,,
3010000,3010000-102-1972-02652,폐업,110.64,서울특별시 중구 충무로1가 23-1번지 ,,,구듸구듸,관광호텔나이트(디스코),198543.6447,451049.5806,,,,,,,
3010000,3010000-102-1972-02696,폐업,77.2,서울특별시 중구 무학동 47-2번지 ,,,가고파,카바레,201245.3752,451380.7262,,,,,,,
3010000,3010000-102-1973-02468,폐업,240,서울특별시 중구 정동 1-54번지 ,,,석교,요정,197636.1968,451714.0277,,,,,,,
3010000,3010000-102-1973-02507,폐업,77.3,서울특별시 중구 충무로3가 26-1번지 지상1층 ,,,빠담빠담,룸살롱,199245.6159,451201.4095,,,,,,,
3010000,3010000-102-1973-02519,폐업,86.85,서울특별시 중구 북창동 18-9번지 ,,,시드니,룸살롱,197943.5033,451186.902,,,,,,,
3010000,3010000-102-1973-02552,폐업,79,서울특별시 중구 초동 21-1번지 ,,,쿨(cool),카바레,199220.3243,451420.4332,,,,,,,
3010000,3010000-102-1973-02571,폐업,95.74,서울특별시 중구 을지로6가 18-74번지 ,,,랑데뷰,비어(바)살롱,200527.8369,451609.6902,,,,,,,
3010000,3010000-102-1973-02572,영업/정상,98.17,서울특별시 중구 흥인동 15-0 ,서울특별시 중구 퇴계로 417 (흥인동),4570,성동차차차,스텐드바,201503.8491,451514.0405,,,,,,,
3010000,3010000-102-1973-02601,폐업,3.4,서울특별시 중구 신당동 292-112번지 ,,,금강,극장식당,201264.3418,451214.2684,,,,,,,
3010000,3010000-102-1973-02632,폐업,155.83,서울특별시 중구 명동2가 32-5번지 ,,,쉘부르,관광호텔나이트(디스코),198596.2972,451194.8125,,,,,,,
3010000,3010000-102-1973-02639,폐업,132.81,서울특별시 중구 신당동 372-455번지 ,,,충무로,극장식당,,,,,,,,,
3010000,3010000-102-1973-02641,폐업,282.15,서울특별시 중구 을지로5가 19-29번지 ,,,백마미인크럽,극장식당,200095.7259,451681.0371,,,,,,,
3010000,3010000-102-1973-02650,폐업,185,서울특별시 중구 만리동2가 188-3번지 ,,,프레지던트나이트크럽,관광호텔나이트(디스코),,,,,,,,,
3010000,3010000-102-1974-02478,폐업,63.51,서울특별시 중구 북창동 67-0번지 ,,,카지노,룸살롱,197940.657,451160.1579,,,,,,,
3010000,3010000-102-1974-02485,폐업,99.97,서울특별시 중구 충무로4가 125-3 외4필지(일흥빌딩 지하1층),서울특별시 중구 퇴계로 213 (충무로4가,외4필지(일흥빌딩 지하1층)),4557,05:00.0,룸살롱,199532.0845,,,,,,,
3010000,3010000-102-1974-02486,영업/정상,98.84,서울특별시 중구 다동 117번지 지하1층 ,서울특별시 중구 남대문로9길 12 (다동,지하1층),4522,59:59.0,198319.0072,451622.5063,,,,,,,
3010000,3010000-102-1974-02542,폐업,181.83,서울특별시 중구 초동 106-9번지 ,,,로마,비어(바)살롱,199190.8807,451328.7002,,,,,,,
3010000,3010000-102-1974-02578,폐업,123.71,서울특별시 중구 장충동1가 56-85번지 ,,,골든벨비즈니스클럽,스텐드바,200476.3412,450937.1898,,,,,,,
3010000,3010000-102-1974-02584,폐업,96.8,서울특별시 중구 무학동 49-0번지 ,,,엔디,스텐드바,,,,,,,,,
3010000,3010000-102-1974-02614,폐업,178.54,서울특별시 중구 북창동 19-4번지 ,,,시애틀,극장식당,197912.8079,451146.5317,,,,,,,
3010000,3010000-102-1974-02615,폐업,408.4,서울특별시 중구 북창동 20-1번지 ,,,뉴프레지던트,룸살롱,197920.237,451125.6269,,,,,,,
3010000,3010000-102-1974-02617,폐업,266.71,서울특별시 중구 충무로2가 66-6번지 ,,,카사,극장식당,198661.1249,451075.7312,,,,,,,
3010000,3010000-102-1974-02622,영업/정상,64.48,서울특별시 중구 신당동 247-11번지 ,서울특별시 중구 퇴계로 386-5 (신당동),4611,신당과촌,극장식당,201223.1868,451410.7622,,,,,,,
3010000,3010000-102-1974-02672,폐업,1,100845,서울특별시 중구 을지로2가 101-1번지 ,,,59:59.0,고고(디스코)클럽,198991.4807,,,,,,,
3010000,3010000-102-1974-02681,영업/정상,483.5,서울특별시 중구 을지로5가 133-1번지 ,서울특별시 중구 을지로38길 20 (을지로5가),4561,천지호텔나이트캬바레,카바레,200225.9831,451511.2628,,,,,,,
3010000,3010000-102-1975-02493,폐업,425.1,서울특별시 중구 북창동 131-2번지 ,,,폭스,룸살롱,,,,,,,,,
3010000,3010000-102-1975-02553,영업/정상,185.24,서울특별시 중구 충무로2가 60-3번지 지하1층 ,서울특별시 중구 삼일대로 299, 지하1층 (충무로2가),4537,59:59.0,198911.8064,451032.3161,,,,,,,
3010000,3010000-102-1975-02569,영업/정상,83.67,서울특별시 중구 충무로2가 50-3 1~2층,서울특별시 중구 삼일대로4길 17 (충무로2가),4553,동경비지니스,비어(바)살롱,199055.7048,451096.008,,,,,,,
3010000,3010000-102-1975-02585,폐업,55.04,서울특별시 중구 남창동 205-104번지 ,서울특별시 중구 퇴계로4길 2 (남창동),4635,황실,룸살롱,197931.4788,450568.541,,,,,,,
3010000,3010000-102-1975-02633,폐업,634,서울특별시 중구 장충동2가 15-5번지 ,,,타워호텔,관광호텔나이트(카바레),,,,,,,,,
3010000,3010000-102-1975-02649,폐업,1,100282,서울특별시 중구 인현동2가 73-1번지 ,,,59:59.0,기타,199550.5063,,,,,,,
3010000,3010000-102-1975-02679,폐업,595,서울특별시 중구 황학동 945-0번지 ,,,성동카바레,카바레,,,,,,,,,
3010000,3010000-102-1976-02454,폐업,397.92,서울특별시 중구 을지로6가 18-67번지 ,,,동경,룸살롱,,,,,,,,,
3010000,3010000-102-1976-02467,폐업,31.73,서울특별시 중구 황학동 844-0번지 ,,,희원,요정,,,,,,,,,
3010000,3010000-102-1976-02471,폐업,144.6,서울특별시 중구 남대문로5가 12-38번지 ,,,랑데즈,룸살롱,197646.779,450670.574,,,,,,,
3010000,3010000-102-1976-02512,폐업,112.83,서울특별시 중구 주교동 122-2 1층 ,서울특별시 중구 창경궁로 66 (주교동, 1층),4546,40:00.0,룸살롱,199778.7755,,,,,,,
3010000,3010000-102-1976-02516,폐업,137.99,서울특별시 중구 회현동1가 65-0번지 ,,,환타지아,룸살롱,198249.7588,450711.483,,,,,,,
3010000,3010000-102-1976-02536,폐업,227.61,서울특별시 중구 흥인동 49-7번지 ,,,유락,비어(바)살롱,,,,,,,,,
3010000,3010000-102-1976-02554,폐업,25.2,서울특별시 중구 충무로2가 61-3번지 ,,,세종칵테일바,비어(바)살롱,198866.3649,451021.051,,,,,,,
3010000,3010000-102-1976-02558,영업/정상,52.81,서울특별시 중구 중림동 129-38번지 지하1층 ,서울특별시 중구 청파로 425 (중림동),4507,희망,비어(바)살롱,197183.0871,450587.368,,,,,,,
3010000,3010000-102-1976-02607,폐업,0,서울특별시 중구 황학동 753-1번지 ,,,단골,극장식당,201531.7837,451574.9495,,,,,,,
3010000,3010000-102-1976-02616,폐업,46.14,서울특별시 중구 서소문동 168-9번지 ,,,길,극장식당,,,,,,,,,
3010000,3010000-102-1976-02619,영업/정상,110.55,서울특별시 중구 남산동2가 31-1번지 ,서울특별시 중구 퇴계로20길 2 (남산동2가),4631,젠쿠(BAR),극장식당,198644.069,450827.8618,,,,,,,
3010000,3010000-102-1976-02644,폐업,82.5,서울특별시 중구 을지로3가 334-10번지 ,,,라빈,룸살롱,199143.905,451509.1502,,,,,,,
3010000,3010000-102-1976-02647,폐업,620.98,서울특별시 중구 명동1가 6-0번지 ,,,로얄알라딘,카바레,,,,,,,,,
3010000,3010000-102-1976-02654,폐업,924.02,서울특별시 중구 장충동2가 186-9번지 ,,,앰바나이트크럽,관광호텔나이트(디스코),,,,,,,,,
3010000,3010000-102-1976-02655,폐업,1,100042,서울특별시 중구 남산동2가 31-1번지 ,,,59:59.0,기타,198644.069,,,,,,,
3010000,3010000-102-1976-02656,폐업,510.75,서울특별시 중구 남산동2가 31-1번지 ,서울특별시 중구 퇴계로20길 2 (남산동2가),4631,퍼시픽호텔 무겐,카바레,198644.069,450827.8618,,,,,,,
3010000,3010000-102-1976-02665,폐업,655.73,서울특별시 중구 회현동1가 202-191번지 ,,,제일관광캬바레,카바레,198144.8503,450939.0673,,,,,,,
3010000,3010000-102-1976-02669,폐업,335.39,서울특별시 중구 태평로1가 29-1번지 ,,,캔디,룸살롱,198000.9672,451745.0255,,,,,,,
3010000,3010000-102-1976-02670,폐업,312.04,서울특별시 중구 충무로1가 24-11번지 ,,,검은상자,고고(디스코)클럽,198496.5728,450988.771,,,,,,,
3010000,3010000-102-1976-02671,폐업,459,서울특별시 중구 장충동2가 5-5번지 ,,,주식회사 타워호텔 지아이지,카바레,,,,,,,,,
3010000,3010000-102-1976-02674,폐업,333.16,서울특별시 중구 명동2가 53-12번지 ,,,스타월드,고고(디스코)클럽,,,,,,,,,
3010000,3010000-102-1976-02680,폐업,1,100851,서울특별시 중구 을지로6가 18-133번지 ,,,59:59.0,카바레,200476.6851,,,,,,,
3010000,3010000-102-1977-02421,폐업,29.54,서울특별시 중구 의주로2가 30-5번지 ,,,프라자타운,간이주점,,,,,,,,,
3010000,3010000-102-1977-02483,폐업,229.82,서울특별시 중구 주교동 176-8번지 ,,,아리랑영상주점,룸살롱,199777.3715,451723.0866,,,,,,,
3010000,3010000-102-1977-02487,폐업,426.55,서울특별시 중구 북창동 18-1번지 ,,,라스베가스룸,룸살롱,197963.5267,451212.7996,,,,,,,
3010000,3010000-102-1977-02510,폐업,235.55,서울특별시 중구 광희동1가 145-2번지 ,,,골든벨,룸살롱,200492.5019,451466.2697,,,,,,,
3010000,3010000-102-1977-02551,폐업,207.26,서울특별시 중구 명동1가 38-3번지 ,,,태양의길목,비어(바)살롱,,,,,,,,,
3010000,3010000-102-1977-02559,폐업,296.14,서울특별시 중구 필동1가 3-5번지 지하 1층 ,서울특별시 중구 수표로2길 22 (필동1가, 지하 1층),4554,59:59.0,룸살롱,199216.9845,,,,,,,
3010000,3010000-102-1977-02561,폐업,54.89,서울특별시 중구 태평로2가 68-6번지 ,,,휴가로,스텐드바,197916.1729,451198.4543,,,,,,,
3010000,3010000-102-1977-02664,폐업,470.94,서울특별시 중구 남대문로5가 36-1번지 ,,,하와이회관,카바레,197692.6016,450709.794,,,,,,,
3010000,3010000-102-1977-02675,폐업,293.54,서울특별시 중구 다동 35-0번지 ,,,원달라,고고(디스코)클럽,,,,,,,,,
3010000,3010000-102-1978-02496,영업/정상,68.03,서울특별시 중구 북창동 98-0,서울특별시 중구 남대문로1길 26 (북창동),4526,직장인 노래밤,룸살롱,197945.8254,451102.6517,,,,,,,
3010000,3010000-102-1978-02501,폐업,91.55,서울특별시 중구 충무로2가 51-15번지 ,,,로얄,룸살롱,199034.5277,451069.2585,,,,,,,
3010000,3010000-102-1978-02546,폐업,65.04,서울특별시 중구 태평로1가 29-2,서울특별시 중구 세종대로22길 12, 2층 (태평로1가),4520,04:00.0,룸살롱,197984.6447,,,,,,,
3010000,3010000-102-1978-02547,폐업,361.7,서울특별시 중구 태평로1가 29-2,서울특별시 중구 세종대로22길 12, 2층 (태평로1가),4520,05:00.0,룸살롱,197984.6447,,,,,,,
3010000,3010000-102-1978-02590,폐업,133.7,서울특별시 중구 무학동 22-3번지 ,,,미래,스텐드바,,,,,,,,,
3010000,3010000-102-1978-02627,폐업,0,서울특별시 중구 흥인동 261-2번지 ,,,에버그린,극장식당,,,,,,,,,
3010000,3010000-102-1978-02676,폐업,298.9,서울특별시 중구 회현동1가 92-6번지 ,,,(주)파레스라이프코퍼레이션,고고(디스코)클럽,198164.2584,450703.5993,,,,,,,
3010000,3010000-102-1979-02455,폐업,373.34,서울특별시 중구 주교동 150-0번지 ,,,미가도,룸살롱,,,,,,,,,
3010000,3010000-102-1979-02637,폐업,394.52,서울특별시 중구 중림동 125-0번지 ,,,초원의집,극장식당,197105.005,450686.1594,,,,,,,
3010000,3010000-102-1979-02662,폐업,953.8,서울특별시 중구 충무로2가 60-3번지 지하1층 ,,,서울크럽,룸살롱,198911.8064,451032.3161,,,,,,,
3010000,3010000-102-1979-02678,폐업,402.92,서울특별시 중구 중림동 125-0번지 ,,,초원의집,카바레,197105.005,450686.1594,,,,,,,
3010000,3010000-102-1980-02545,폐업,72.71,서울특별시 중구 을지로1가 188-3번지 백남   16동   16호,,,프레지던트호텔개나리바,비어(바)살롱,198113.3707,451483.3,,,,,,,
3010000,3010000-102-1980-02587,폐업,110.88,서울특별시 중구 장충동1가 62-35번지 ,,,주호,스텐드바,200478.4265,450822.6102,,,,,,,
3010000,3010000-102-1980-02651,폐업,582.84,서울특별시 중구 장충동2가 202-0번지 ,,,더포인트(THE POINTE),관광호텔나이트(디스코),200463.6253,450497.4609,,,,,,,
3010000,3010000-102-1980-02659,폐업,149.8,서울특별시 중구 충무로2가 65-5번지 ,,,따봉,관광호텔나이트(디스코),198670.8464,451001.1879,,,,,,,
3010000,3010000-102-1981-02481,폐업,545.68,서울특별시 중구 무교동 95-0번지 ,,,매니아,룸살롱,198124.2041,451706.5939,,,,,,,
3010000,3010000-102-1981-02577,폐업,62.53,서울특별시 중구 북창동 42-3번지 지하1층 ,서울특별시 중구 남대문로1길 60, 지하1층 (북창동),4526,59:59.0,스텐드바,197968.205,,,,,,,
3010000,3010000-102-1981-02636,폐업,237.64,서울특별시 중구 의주로2가 312-0번지 ,,,명동칼국수,극장식당,,,,,,,,,
3010000,3010000-102-1982-02515,폐업,126.09,서울특별시 중구 북창동 75-0번지 ,,,토크쇼,룸살롱,197975.612,451144.3217,,,,,,,
3010000,3010000-102-1982-02548,영업/정상,108.3,서울특별시 중구 초동 21-2번지 ,서울특별시 중구 을지로14길 30 (초동),4550,축제,비어(바)살롱,199226.8476,451398.6012,,,,,,,
3010000,3010000-102-1982-02570,폐업,153.15,서울특별시 중구 북창동 18-12번지 ,,,뉴욕뉴욕,비어(바)살롱,197963.3562,451187.6802,,,,,,,
3010000,3010000-102-1982-02597,폐업,393.1,서울특별시 중구 무교동 31-0번지 ,,,향진,극장식당,198063.7058,451683.8162,,,,,,,
3010000,3010000-102-1983-02460,폐업,132.38,서울특별시 중구 중림동 45-4번지 ,,,승리,룸살롱,,,,,,,,,
3010000,3010000-102-1983-02472,폐업,95.35,서울특별시 중구 북창동 11-5번지 ,,,힐탑,룸살롱,198010.6794,451244.6323,,,,,,,
3010000,3010000-102-1983-02503,폐업,398.02,서울특별시 중구 다동 170-1번지 ,,,엔뉴욕성인나이트클럽,룸살롱,198178.212,451722.2396,,,,,,,
3010000,3010000-102-1983-02543,폐업,204.14,서울특별시 중구 다동 32-1번지 ,,,골드,비어(바)살롱,,,,,,,,,
3010000,3010000-102-1983-02549,영업/정상,90.25,서울특별시 중구 남대문로5가 63-7,,,수노래빠,비어(바)살롱,197477.0608,450610.7464,,,,,,,
3010000,3010000-102-1983-02566,폐업,146.98,서울특별시 중구 다동 131-0번지 삼덕빌딩 지하 ,,,빠리,비어(바)살롱,198247.0024,451706.5799,,,,,,,
3010000,3010000-102-1983-02579,폐업,145.5,서울특별시 중구 충무로5가 2-4번지 ,,,밀리내,스텐드바,200072.3797,451239.772,,,,,,,
3010000,3010000-102-1983-02600,폐업,0,서울특별시 중구 만리동2가 213-49번지 ,,,뉴월드호프,극장식당,,,,,,,,,
3010000,3010000-102-1983-02635,폐업,301.5,서울특별시 중구 장충동2가 201-3번지 ,,,타워호텔,극장식당,200169.6146,449793.605,,,,,,,
3010000,3010000-102-1983-02642,폐업,67.91,서울특별시 중구 북창동 136-0번지 ,,,비지니스클럽,극장식당,197959.7815,450999.0984,,,,,,,
3010000,3010000-102-1983-02657,폐업,519.28,서울특별시 중구 소공동 1-0번지 ,,,비스트로,관광호텔나이트(디스코),198259.6536,451392.1982,,,,,,,
3010000,3010000-102-1983-02673,폐업,401.12,서울특별시 중구 광희동1가 145-2번지 ,,,유성,고고(디스코)클럽,200492.5019,451466.2697,,,,,,,
3010000,3010000-102-1983-02682,폐업,862.37,서울특별시 중구 산림동 207-1번지 ,,,아마죤,카바레,199521.2008,451751.4241,,,,,,,
3010000,3010000-102-1984-02474,폐업,428,서울특별시 중구 북창동 104-0번지 ,,,파라다이스,룸살롱,197986.8957,451089.6626,,,,,,,
3010000,3010000-102-1984-02500,폐업,159.47,서울특별시 중구 주교동 18-1번지 ,,,프라자,룸살롱,200007.2188,451862.6467,,,,,,,
3010000,3010000-102-1984-02518,영업/정상,142.28,서울특별시 중구 충무로4가 155-2 ,서울특별시 중구 퇴계로37길 22 (충무로4가),4557,뉴리멤버,룸살롱,199374.9445,451101.6226,,,,,,,
3010000,3010000-102-1984-02527,폐업,90.95,서울특별시 중구 흥인동 62-1번지 ,,,님과벗,비어(바)살롱,201436.8307,451547.2995,,,,,,,
3010000,3010000-102-1984-02528,폐업,265.5,서울특별시 중구 흥인동 66-6번지 ,,,카사,비어(바)살롱,,,,,,,,,
3010000,3010000-102-1984-02529,폐업,110.13,서울특별시 중구 무학동 34-1번지 ,,,파라솔,비어(바)살롱,,,,,,,,,
3010000,3010000-102-1984-02535,폐업,90.88,서울특별시 중구 을지로6가 18-119번지 ,,,금마차,룸살롱,,,,,,,,,
3010000,3010000-102-1984-02591,폐업,153.54,서울특별시 중구 오장동 139-3번지 ,,,영화,스텐드바,200113.2657,451434.0577,,,,,,,
3010000,3010000-102-1984-02598,폐업,130.21,서울특별시 중구 초동 107-4번지 ,,,호림도,스텐드바,199127.7356,451416.7355,,,,,,,
3010000,3010000-102-1984-02630,폐업,47.24,서울특별시 중구 흥인동 66-23번지 ,,,주와,관광호텔나이트(디스코),,,,,,,,,
3010000,3010000-102-1984-02631,폐업,129.4,서울특별시 중구 명동1가 34-1번지 ,,,파라솔,관광호텔나이트(디스코),198586.0229,451347.3162,,,,,,,
3010000,3010000-102-1984-02646,폐업,296.9,서울특별시 중구 광희동1가 142-2번지 ,,,신유성캬바레,고고(디스코)클럽,,,,,,,,,
3010000,3010000-102-1984-02677,폐업,630.28,서울특별시 중구 남대문로5가 395-0번지 ,,,아레노,고고(디스코)클럽,197762.5015,450337.5806,,,,,,,
3010000,3010000-102-1985-02420,폐업,17.26,서울특별시 중구 황학동 637-0번지 ,,,선,간이주점,201822.2931,451639.8325,,,,,,,
3010000,3010000-102-1985-02423,폐업,17.18,서울특별시 중구 의주로2가 4-0번지 ,,,람보치킨,간이주점,,,,,,,,,
3010000,3010000-102-1985-02437,폐업,43.02,서울특별시 중구 황학동 371-3번지 ,,,정원,간이주점,201593.5855,451590.5667,,,,,,,
3010000,3010000-102-1985-02438,폐업,19.87,서울특별시 중구 황학동 366-0번지 ,,,남촌,간이주점,201634.184,451597.0966,,,,,,,
3010000,3010000-102-1985-02439,폐업,20.67,서울특별시 중구 황학동 366-0번지 ,,,유성,간이주점,201634.184,451597.0966,,,,,,,
3010000,3010000-102-1985-02440,폐업,22.12,서울특별시 중구 황학동 366-0번지 ,,,미인파티,간이주점,201634.184,451597.0966,,,,,,,
3010000,3010000-102-1985-02441,영업/정상,16.71,서울특별시 중구 황학동 371-47번지 ,서울특별시 중구 퇴계로83길 22-10 (황학동),4576,장미,간이주점,201607.8078,451587.0131,,,,,,,
3010000,3010000-102-1985-02442,폐업,13.62,서울특별시 중구 황학동 371-47번지 ,,,자매집,카바레,201607.8078,451587.0131,,,,,,,
3010000,3010000-102-1985-02443,폐업,10.97,서울특별시 중구 황학동 371-47번지 ,,,꽃집,간이주점,201607.8078,451587.0131,,,,,,,
3010000,3010000-102-1985-02444,폐업,21.22,서울특별시 중구 황학동 371-47번지 ,,,수원집,간이주점,201607.8078,451587.0131,,,,,,,
3010000,3010000-102-1985-02445,폐업,29.57,서울특별시 중구 중림동 69-9번지 ,,,형제,간이주점,197194.8567,450706.0374,,,,,,,
3010000,3010000-102-1985-02446,폐업,29.07,서울특별시 중구 흥인동 7-0번지 ,,,말괄량이,간이주점,,,,,,,,,
3010000,3010000-102-1985-02447,폐업,31.98,서울특별시 중구 광희동1가 289-0번지 ,,,아그네스,간이주점,200253.3577,451423.7672,,,,,,,
3010000,3010000-102-1985-02448,폐업,32.68,서울특별시 중구 광희동1가 289-0번지 ,,,길,간이주점,200253.3577,451423.7672,,,,,,,
3010000,3010000-102-1985-02450,폐업,29.64,서울특별시 중구 의주로2가 21-29번지 ,,,팔도부촌,간이주점,,,,,,,,,
3010000,3010000-102-1985-02451,폐업,29.15,서울특별시 중구 북창동 66-0번지 ,,,초심,간이주점,197967.2181,451154.2831,,,,,,,
3010000,3010000-102-1985-02452,폐업,41.71,서울특별시 중구 북창동 13-3번지 ,,,영시,간이주점,,,,,,,,,
3010000,3010000-102-1985-02453,폐업,16.93,서울특별시 중구 황학동 371-39번지 ,,,국악의집,간이주점,,,,,,,,,
3010000,3010000-102-1985-02456,폐업,181.2,서울특별시 중구 회현동3가 10번지 ,서울특별시 중구 퇴계로14길 1, 지하1층 (회현동3가),4631,59:59.0,카바레,198491.235,,,,,,,
3010000,3010000-102-1985-02458,폐업,135.6,서울특별시 중구 북창동 63-0번지 ,,,백악관,룸살롱,197963.4802,451166.9203,,,,,,,
3010000,3010000-102-1985-02462,폐업,448.56,서울특별시 중구 중림동 53-1번지 ,,,스타월드,룸살롱,,,,,,,,,
3010000,3010000-102-1985-02465,폐업,35.23,서울특별시 중구 수표동 56-14번지 ,,,호수,요정,198933.3682,451641.1434,,,,,,,
3010000,3010000-102-1985-02469,폐업,10,서울특별시 중구 북창동 5-2번지 ,,,남강,요정,198046.6887,451252.8001,,,,,,,
3010000,3010000-102-1985-02470,폐업,29.47,서울특별시 중구 황학동 536-0번지 ,,,가야,간이주점,201776.489,451707.7199,,,,,,,
3010000,3010000-102-1985-02473,폐업,75.63,서울특별시 중구 북창동 122-0번지 ,,,센세이션,룸살롱,197959.8106,451024.3296,,,,,,,
3010000,3010000-102-1985-02482,폐업,98.5,서울특별시 중구 명동2가 89번지 지하1층 ,서울특별시 중구 명동2길 8, 지하1층 (명동2가),4535,40:00.0,룸살롱,198371.0399,,,,,,,
3010000,3010000-102-1985-02484,영업/정상,69,서울특별시 중구 황학동 629-0 ,,,못잊어,룸살롱,201767.0854,451555.4778,,,,,,,
3010000,3010000-102-1985-02497,폐업,102.35,서울특별시 중구 북창동 17-3번지 지상2~3층 ,,,발리노래세상,룸살롱,197978.6204,451212.335,,,,,,,
3010000,3010000-102-1985-02499,영업/정상,94.31,서울특별시 중구 필동1가 10-9번지 ,,,충무노래크럽,룸살롱,199213.2817,451032.5659,,,,,,,
3010000,3010000-102-1985-02506,폐업,40.77,서울특별시 중구 북창동 99-2번지 ,,,썬,룸살롱,197947.5965,451081.9042,,,,,,,
3010000,3010000-102-1985-02508,폐업,95.2,서울특별시 중구 북창동 111-2번지 ,,,베이스캠프,룸살롱,197975.5428,451036.1263,,,,,,,
3010000,3010000-102-1985-02521,폐업,81.6,서울특별시 중구 북창동 17-1번지 ,,,쌈바쌈바,룸살롱,197996.3032,451214.9404,,,,,,,
3010000,3010000-102-1985-02526,폐업,38.13,서울특별시 중구 만리동1가 206-37번지 ,,,초연,비어(바)살롱,,,,,,,,,
3010000,3010000-102-1985-02538,폐업,29.64,서울특별시 중구 을지로6가 21-29번지 ,,,팔도부촌,비어(바)살롱,,,,,,,,,
3010000,3010000-102-1985-02539,폐업,98.87,서울특별시 중구 신당동 247-16번지 ,,,고원,비어(바)살롱,201194.7157,451400.4684,,,,,,,
3010000,3010000-102-1985-02540,폐업,156.52,서울특별시 중구 초동 21-1번지 ,,,예가,비어(바)살롱,199220.3243,451420.4332,,,,,,,
3010000,3010000-102-1985-02541,폐업,120.76,서울특별시 중구 만리동2가 22-2번지 ,,,서울.서울,비어(바)살롱,196888.3879,450237.0294,,,,,,,
3010000,3010000-102-1985-02555,폐업,413.42,서울특별시 중구 북창동 12-1번지 ,,,보물섬,비어(바)살롱,198018.6799,451207.7298,,,,,,,
3010000,3010000-102-1985-02557,폐업,160.83,서울특별시 중구 을지로7가 112-1번지 ,,,해양,비어(바)살롱,,,,,,,,,
3010000,3010000-102-1985-02560,폐업,130.56,서울특별시 중구 황학동 1205-0번지 ,서울특별시 중구 마장로 89 (황학동),4574,미터스유,스텐드바,201682.7148,451801.2081,,,,,,,
3010000,3010000-102-1985-02562,폐업,114.71,서울특별시 중구 흥인동 122-0번지 ,,,일이삼스텐드바,스텐드바,,,,,,,,,
3010000,3010000-102-1985-02567,영업/정상,86.25,서울특별시 중구 충무로3가 30-14 ,서울특별시 중구 충무로 21-3 (충무로3가),4555,휘,비어(바)살롱,199282.2568,451198.8262,,,,,,,
3010000,3010000-102-1985-02573,폐업,109.17,서울특별시 중구 을지로2가 199-33번지 ,,,메트로덴버클럽,비어(바)살롱,198492.8019,451427.349,,,,,,,
3010000,3010000-102-1985-02582,영업/정상,51.29,서울특별시 중구 신당동 100-7번지 1층 ,서울특별시 중구 퇴계로78길 6 (신당동, 1층),4577,40:00.0,201409.5386,451421.1355,,,,,,,
3010000,3010000-102-1985-02588,영업/정상,19.5,서울특별시 중구 방산동 70-4번지 ,서울특별시 중구 동호로 386 (방산동),4562,재희,스텐드바,200139.5047,451844.3507,,,,,,,
3010000,3010000-102-1985-02592,폐업,92.9,서울특별시 중구 만리동2가 231-13번지 ,,,필드비지니스,스텐드바,196606.6366,449946.1165,,,,,,,
3010000,3010000-102-1985-02603,폐업,94.32,서울특별시 중구 충무로2가 51-15번지 ,,,로얄,극장식당,199034.5277,451069.2585,,,,,,,
3010000,3010000-102-1985-02604,폐업,601.32,서울특별시 중구 황학동 118-0번지 ,,,정석기업-주-칼시,극장식당,201632.1134,451800.8567,,,,,,,
3010000,3010000-102-1985-02605,폐업,149.8,서울특별시 중구 충무로2가 65-5번지 ,,,따봉,극장식당,198670.8464,451001.1879,,,,,,,
3010000,3010000-102-1985-02609,폐업,14.55,서울특별시 중구 흥인동 62-8번지 ,,,란,극장식당,,,,,,,,,
3010000,3010000-102-1985-02612,영업/정상,108.23,서울특별시 중구 을지로3가 296-11번지 ,서울특별시 중구 을지로14길 13 (을지로3가),4550,스타,룸살롱,199247.5208,451490.6847,,,,,,,
3010000,3010000-102-1985-02623,폐업,136.56,서울특별시 중구 남대문로5가 214-0번지 ,,,영상,룸살롱,197663.3664,450610.1868,,,,,,,
3010000,3010000-102-1985-02645,영업/정상,110.73,서울특별시 중구 을지로4가 109-1 ,서울특별시 중구 을지로33길 33 (을지로4가),4546,그린,극장식당,199821.2248,451658.2965,,,,,,,
3010000,3010000-102-1985-02653,폐업,542.36,서울특별시 중구 소공동 1-0번지 ,,,아나벨스,관광호텔나이트(디스코),198259.6536,451392.1982,,,,,,,
3010000,3010000-102-1985-02658,폐업,94.32,서울특별시 중구 충무로2가 51-15번지 ,,,로얄,관광호텔나이트(디스코),199034.5277,451069.2585,,,,,,,
3010000,3010000-102-1985-02661,폐업,14.55,서울특별시 중구 흥인동 62-8번지 ,,,란,관광호텔나이트(디스코),,,,,,,,,
3010000,3010000-102-1985-02666,폐업,448.56,서울특별시 중구 중림동 53-1번지 ,,,낮과밤,카바레,,,,,,,,,
3010000,3010000-102-1985-02667,폐업,89.7,서울특별시 중구 중림동 71-0번지 ,,,카니발,카바레,,,,,,,,,
3010000,3010000-102-1985-02668,폐업,83.89,서울특별시 중구 중림동 10-1번지 ,,,명보,카바레,,,,,,,,,
3010000,3010000-102-1985-02683,폐업,362.6,서울특별시 중구 을지로5가 19-29번지 ,,,야전궁,카바레,200095.7259,451681.0371,,,,,,,
3010000,3010000-102-1986-02461,폐업,162.56,서울특별시 중구 산림동 207-1번지 ,,,가야궁,룸살롱,199521.2008,451751.4241,,,,,,,
3010000,3010000-102-1986-02466,폐업,151.88,서울특별시 중구 충무로2가 51-13번지 ,,,성전,요정,199055.149,451064.899,,,,,,,
3010000,3010000-102-1986-02489,폐업,254.92,서울특별시 중구 을지로6가 29-1번지 ,,,아그네스,룸살롱,200435.6212,451523.6232,,,,,,,
3010000,3010000-102-1986-02490,폐업,196.53,서울특별시 중구 남대문로5가 63-13번지 ,14,,,59:59.0,룸살롱,197513.436,,,,,,,
3010000,3010000-102-1986-02494,폐업,189.92,서울특별시 중구 을지로3가 291-45,서울특별시 중구 충무로 54-3 (을지로3가),4549,해양,룸살롱,199321.5604,451526.9013,,,,,,,
3010000,3010000-102-1986-02495,폐업,229,서울특별시 중구 충무로3가 59-11번지 ,,,램프,룸살롱,199119.114,451114.4484,,,,,,,
3010000,3010000-102-1986-02502,폐업,315.2,서울특별시 중구 다동 92번지 지하2층 ,,,오페라하우스,룸살롱,198345.0222,451737.6934,,,,,,,
3010000,3010000-102-1986-02525,폐업,78.22,서울특별시 중구 흥인동 182-39번지 ,,,해원,비어(바)살롱,,,,,,,,,
3010000,3010000-102-1986-02537,폐업,266.18,서울특별시 중구 다동 51-11번지 ,,,한성회관,비어(바)살롱,,,,,,,,,
3010000,3010000-102-1986-02574,폐업,96.04,서울특별시 중구 을지로2가 148-37번지 ,,,1.2.3.,비어(바)살롱,,,,,,,,,
3010000,3010000-102-1986-02575,폐업,88.37,서울특별시 중구 남학동 13-2번지 ,,,도,비어(바)살롱,199161.1131,450949.2339,,,,,,,
3010000,3010000-102-1986-02580,영업/정상,98.1,서울특별시 중구 충무로4가 150-0 ,서울특별시 중구 충무로2길 16 (충무로4가),4557,팡팡노래짱,스텐드바,199401.9087,451134.1317,,,,,,,
3010000,3010000-102-1986-02586,폐업,74.36,서울특별시 중구 태평로1가 25-3 외1(지하1층),서울특별시 중구 세종대로22길 12 (태평로1가,외1(지하1층)),4520,04:00.0,간이주점,197973.5009,,,,,,,
3010000,3010000-102-1986-02589,폐업,154.3,서울특별시 중구 신당동 120-4번지 ,,,형제집,스텐드바,,,,,,,,,
3010000,3010000-102-1986-02594,폐업,159.98,서울특별시 중구 명동2가 32-5번지 ,,,취부귀,극장식당,198596.2972,451194.8125,,,,,,,
3010000,3010000-102-1986-02608,폐업,185.02,서울특별시 중구 산림동 207-1번지 ,,,가야궁,극장식당,199521.2008,451751.4241,,,,,,,
3010000,3010000-102-1986-02621,영업/정상,110.43,서울특별시 중구 황학동 737-0,서울특별시 중구 퇴계로 423-6 (황학동),4576,스타타임,극장식당,201585.646,451516.9947,,,,,,,
3010000,3010000-102-1986-02648,영업/정상,99,서울특별시 중구 충무로2가 60-3 지하1층,서울특별시 중구 삼일대로 299 (충무로2가, 지하1층),4537,03:00.0,198911.8064,451032.3161,,,,,,,
3010000,3010000-102-1986-02684,폐업,387.35,서울특별시 중구 봉래동1가 132-6번지 ,,,불야성,카바레,197476.7336,450632.1591,,,,,,,
3010000,3010000-102-1987-02480,폐업,193.44,서울특별시 중구 명동2가 2-8번지 ,,,보보클럽(BoBo CLUB),룸살롱,198671.6278,451253.6425,,,,,,,
3010000,3010000-102-1987-02488,폐업,57.06,서울특별시 중구 충무로2가 51-17번지 ,,,사랑과야망,룸살롱,199037.9165,451051.292,,,,,,,
3010000,3010000-102-1987-02498,영업/정상,447.74,서울특별시 중구 을지로5가 133-1번지 ,서울특별시 중구 을지로38길 20 (을지로5가),4561,소피아,룸살롱,200225.9831,451511.2628,,,,,,,
3010000,3010000-102-1987-02505,폐업,278.74,서울특별시 중구 남학동 13-2번지 (지하1층) ,서울특별시 중구 퇴계로 176 (남학동,(지하1층)),4627,59:59.0,룸살롱,199161.1131,,,,,,,
3010000,3010000-102-1987-02530,폐업,133.22,서울특별시 중구 산림동 207-1번지 ,,,민속촌,비어(바)살롱,199521.2008,451751.4241,,,,,,,
3010000,3010000-102-1987-02533,폐업,160.49,서울특별시 중구 다동 92-0번지 ,,,뉴크레오파트라,카바레,198345.0222,451737.6934,,,,,,,
3010000,3010000-102-1987-02563,폐업,173.9,서울특별시 중구 인현동2가 73-1번지 ,,,풍전스텐드바,스텐드바,199550.5063,451392.2197,,,,,,,
3010000,3010000-102-1987-02593,폐업,292.74,서울특별시 중구 충무로2가 64-5번지 ,,,명동의밤,극장식당,198725.2048,451001.3362,,,,,,,
3010000,3010000-102-1987-02638,폐업,60.52,서울특별시 중구 충무로2가 51-17번지 ,,,사랑과야망,극장식당,199037.9165,451051.292,,,,,,,
3010000,3010000-102-1987-02640,폐업,202.3,서울특별시 중구 충무로2가 50-6번지 ,,,리무진,극장식당,199023.9675,451105.4746,,,,,,,
3010000,3010000-102-1988-02523,폐업,152.94,서울특별시 중구 북창동 82-0번지 ,,,빅토리아,룸살롱,197996.1588,451158.7589,,,,,,,
3010000,3010000-102-1988-02531,폐업,64.74,서울특별시 중구 신당동 366-144번지 ,,,호텔킹덤칵테일빠,비어(바)살롱,200649.5286,449877.4441,,,,,,,
3010000,3010000-102-1988-02595,폐업,0,서울특별시 중구 신당동 366-144번지 ,,,호텔킹덤크럽,극장식당,200649.5286,449877.4441,,,,,,,
3010000,3010000-102-1988-02606,폐업,123.96,서울특별시 중구 충무로1가 22-2번지 ,,,서울서울,극장식당,198512.158,451049.0337,,,,,,,
3010000,3010000-102-1988-02660,폐업,123.75,서울특별시 중구 충무로1가 22-2번지 ,,,서울서울,관광호텔나이트(디스코),198512.158,451049.0337,,,,,,,
3010000,3010000-102-1989-02475,폐업,324.92,서울특별시 중구 북창동 20-2번지 ,서울특별시 중구 남대문로1길 25 (북창동),4526,김미,룸살롱,197922.9157,451101.9005,,,,,,,
3010000,3010000-102-1989-02476,폐업,411.84,서울특별시 중구 명동2가 2-21번지 ,,,야시,룸살롱,198678.7743,451209.5507,,,,,,,
3010000,3010000-102-1989-02479,폐업,216.4,서울특별시 중구 명동2가 2-20번지 지하1층 ,,,명사랑노래방술집,룸살롱,198658.241,451273.7166,,,,,,,
3010000,3010000-102-1989-02509,폐업,62.3,서울특별시 중구 북창동 71-1번지 ,,,보스,룸살롱,197961.6599,451119.7087,,,,,,,
3010000,3010000-102-1989-02522,폐업,256.46,서울특별시 중구 북창동 18-4번지 ,서울특별시 중구 남대문로1길 46 (북창동),4526,버킹엄,룸살롱,197947.6745,451208.4304,,,,,,,
3010000,3010000-102-1989-02576,영업/정상,430.27,서울특별시 중구 북창동 21-0 ,서울특별시 중구 세종대로 64 (북창동),,나이아가라,룸살롱,197913.7334,451077.0816,,,,,,,
3010000,3010000-102-1990-02491,폐업,121.7,서울특별시 중구 북창동 13-3번지 ,,,펜트하우스,룸살롱,,,,,,,,,
3010000,3010000-102-1990-02520,폐업,127.82,서울특별시 중구 남대문로4가 17-1번지 ,,,벤허,룸살롱,197927.0616,451051.9745,,,,,,,
3010000,3010000-102-1990-02581,폐업,112.76,서울특별시 중구 인현동2가 134-3번지 ,,,뉴월드,룸살롱,199603.8565,451350.4999,,,,,,,
3010000,3010000-102-1991-02534,폐업,74.51,서울특별시 중구 봉래동1가 88-1번지 ,,,거상,룸살롱,197535.5461,450745.8083,,,,,,,
3010000,3010000-102-1993-02459,폐업,163.57,서울특별시 중구 산림동 207-1번지 ,,,가양궁,룸살롱,199521.2008,451751.4241,,,,,,,
3010000,3010000-102-1993-02564,폐업,106.16,서울특별시 중구 남대문로5가 251-0번지 ,,,미림,비어(바)살롱,197701.2332,450572.5205,,,,,,,
3010000,3010000-102-1993-02583,폐업,107,서울특별시 중구 필동2가 10 (지상1층) ,서울특별시 중구 퇴계로 197 (필동2가,(지상1층)),4557,40:00.0,룸살롱,199393.7481,,,,,,,
3010000,3010000-102-1994-02464,폐업,18.8,서울특별시 중구 황학동 514-0번지 ,,,황제,요정,201754.4433,451761.2005,,,,,,,
3010000,3010000-102-1998-02449,폐업,25.72,서울특별시 중구 황학동 375-0번지 ,,,캔디랜드,카바레,201640.033,451578.0159,,,,,,,
3010000,3010000-102-1998-02613,폐업,95.49,서울특별시 중구 북창동 105-0번지 ,,,블랙박스,극장식당,198025.0244,451080.0318,,,,,,,
3010000,3010000-102-1998-02625,폐업,58.99,서울특별시 중구 을지로6가 21-31번지 ,,,필,카바레,200548.0388,451497.6266,,,,,,,
3010000,3010000-102-1999-02457,폐업,115.1,서울특별시 중구 북창동 101-0번지 ,,,쇼걸,카바레,197948.272,451071.5658,,,,,,,
3010000,3010000-102-1999-02513,폐업,596.36,서울특별시 중구 북창동 134-1번지 (지상4~6층) ,,,샤롯데,룸살롱,197960.9876,451009.7108,,,,,,,
3010000,3010000-102-1999-02532,폐업,77.04,서울특별시 중구 수하동 67번지 미래에셋 CENTER 1 ,서울특별시 중구 을지로5길 26, 미래에셋 CENTER 1 1층 (수하동),4539,59:59.0,룸살롱,198620.9343,,,,,,,
3010000,3010000-102-1999-02550,폐업,96.85,서울특별시 중구 충무로2가 51-1번지 ,,,블루,카바레,199046.7949,451066.0381,,,,,,,
3010000,3010000-102-1999-02599,폐업,46.16,서울특별시 중구 북창동 71-4번지 지상2층 ,,,블랙잭,카바레,197953.411,451119.8715,,,,,,,
3010000,3010000-102-1999-02624,폐업,60.55,서울특별시 중구 무학동 6-0번지 ,,,황제,카바레,201328.2441,451374.0365,,,,,,,
3010000,3010000-102-1999-02626,폐업,132.07,서울특별시 중구 충무로2가 50-5번지 ,,,쌍떼,극장식당,199037.8253,451103.6808,,,,,,,
3010000,3010000-102-1999-02634,폐업,734.27,서울특별시 중구 오장동 145-1번지 ,,,중부캬바레,카바레,200054.5172,451439.624,,,,,,,
3010000,3010000-102-1999-02663,영업/정상,92.4,서울특별시 중구 황학동 730번지 ,서울특별시 중구 퇴계로 429 (황학동),4576,서울관 70/80,카바레,201641.9495,451512.7434,,,,,,,
3010000,3010000-102-1999-11796,영업/정상,296,서울특별시 중구 충무로2가 60-3번지 신관지하1층 ,서울특별시 중구 삼일대로 299, 지하1층 (충무로2가),4537,40:00.0,198911.8064,451032.3161,,,,,,,
3010000,3010000-102-1999-11816,영업/정상,91.76,서울특별시 중구 남대문로5가 19-4번지 지상2층 ,서울특별시 중구 세종대로 26 (남대문로5가,지상2층),4527,59:59.0,197671.9552,450714.5172,,,,,,,
3010000,3010000-102-1999-11829,폐업,95.11,서울특별시 중구 서소문동 99-4번지 ,,,댄스댄스,룸살롱,,,,,,,,,
3010000,3010000-102-1999-11837,영업/정상,97.15,서울특별시 중구 필동2가 53-0번지 ,서울특별시 중구 퇴계로 226 (필동2가),4624,귀빈노래팡,룸살롱,199652.5966,451038.8914,,,,,,,
3010000,3010000-102-1999-11846,폐업,47.12,서울특별시 중구 북창동 19-6번지 ,,,비.엠.더블,룸살롱,197911.0953,451167.0272,,,,,,,
3010000,3010000-102-1999-11851,폐업,146.94,서울특별시 중구 충무로2가 65-5번지 ,,,모모영상가요,룸살롱,198670.8464,451001.1879,,,,,,,
3010000,3010000-102-1999-11865,영업/정상,60.83,서울특별시 중구 북창동 94-7번지 ,서울특별시 중구 남대문로1길 26-13 (북창동),4526,요꼬하마비지니스,룸살롱,197993.2939,451119.0583,,,,,,,
3010000,3010000-102-1999-11873,폐업,28.77,서울특별시 중구 수표동 11-3번지 ,,,한마당,룸살롱,199111.2743,451713.7062,,,,,,,
3010000,3010000-102-1999-11875,폐업,80.24,서울특별시 중구 태평로2가 69-6번지 ,,,채널,룸살롱,197885.4184,451144.2217,,,,,,,
3010000,3010000-102-1999-11884,폐업,65.17,서울특별시 중구 태평로2가 68-2번지 ,,,sky(스카이),룸살롱,197915.7982,451231.3886,,,,,,,
3010000,3010000-102-1999-11900,폐업,65.1,서울특별시 중구 북창동 19-3번지 ,,,SS크럽 노래주점,룸살롱,197913.8058,451155.4175,,,,,,,
3010000,3010000-102-1999-11907,폐업,98.41,서울특별시 중구 을지로2가 163-1번지 ,,,서울비지니스크럽,룸살롱,198769.4602,451515.0926,,,,,,,
3010000,3010000-102-1999-11913,영업/정상,73.79,서울특별시 중구 오장동 139-8,서울특별시 중구 마른내로 125 (오장동),4547,슈가,룸살롱,200096.3491,451381.7035,,,,,,,
3010000,3010000-102-1999-11918,폐업,79.19,서울특별시 중구 태평로2가 68-6번지 ,서울특별시 중구 남대문로1길 43 (태평로2가),4526,솜사탕,룸살롱,197916.1729,451198.4543,,,,,,,
3010000,3010000-102-1999-11924,영업/정상,83.23,서울특별시 중구 을지로3가 296-1,서울특별시 중구 충무로 51 (을지로3가),4550,보림7080,스텐드바,199267.4789,451500.9779,,,,,,,
3010000,3010000-102-1999-11945,폐업,106.72,서울특별시 중구 남대문로5가 21-1번지 ,,,코리아나,룸살롱,197714.6076,450743.3979,,,,,,,
3010000,3010000-102-1999-11946,폐업,97.19,서울특별시 중구 태평로2가 69-20번지 ,,,닉스,룸살롱,197897.7395,451169.3166,,,,,,,
3010000,3010000-102-1999-11947,영업/정상,95,서울특별시 중구 저동2가 47-3번지 ,서울특별시 중구 수표로12길 8 (저동2가),4555,발리,룸살롱,199100.4129,451298.4147,,,,,,,
3010000,3010000-102-1999-11954,폐업,96.58,서울특별시 중구 다동 58-1번지 지상4층 ,,,샤론스톤,룸살롱,198264.7839,451746.9218,,,,,,,
3010000,3010000-102-1999-11965,폐업,92.72,서울특별시 중구 북창동 11-6번지 ,서울특별시 중구 세종대로16길 23 (북창동),4526,훌라맹고 노래하우스주점,룸살롱,198011.4889,451232.7108,,,,,,,
3010000,3010000-102-1999-11973,폐업,43.88,서울특별시 중구 태평로2가 68-8번지 지상1층 ,,,여명,룸살롱,197905.6592,451216.395,,,,,,,
3010000,3010000-102-1999-11985,폐업,174.4,서울특별시 중구 무교동 95-0 ,서울특별시 중구 무교로 20 (무교동),4522,렉시원바,룸살롱,198124.2041,451706.5939,,,,,,,
3010000,3010000-102-1999-12026,폐업,87.61,서울특별시 중구 북창동 18-9번지 ,서울특별시 중구 남대문로1길 42 (북창동),,추카추카,룸살롱,197943.5033,451186.902,,,,,,,
3010000,3010000-102-1999-12056,폐업,131.27,서울특별시 중구 방산동 79-1번지 ,서울특별시 중구 동호로 376 (방산동),4562,경도,룸살롱,200149.6614,451742.6504,,,,,,,
3010000,3010000-102-1999-12061,폐업,82.63,서울특별시 중구 충무로3가 49-0번지 지상1층 ,,,토마토,룸살롱,199279.6774,451120.5177,,,,,,,
3010000,3010000-102-1999-12065,폐업,48.66,서울특별시 중구 북창동 20-2번지 ,,,징기스칸,룸살롱,197922.9157,451101.9005,,,,,,,
3010000,3010000-102-1999-12073,폐업,87.44,서울특별시 중구 수하동 40-2번지 ,,,보물섬,룸살롱,198537.6344,451684.5041,,,,,,,
3010000,3010000-102-1999-12089,폐업,77.25,서울특별시 중구 인현동1가 141-2번지 ,,,파라오,룸살롱,199336.0093,451201.8239,,,,,,,
3010000,3010000-102-1999-12123,폐업,183.83,서울특별시 중구 다동 97-0번지 ,,,빠담빠담,카바레,198300.0223,451702.5462,,,,,,,
3010000,3010000-102-1999-12129,폐업,89.53,서울특별시 중구 태평로2가 69-2번지 ,,,누들,룸살롱,197893.8092,451189.6086,,,,,,,
3010000,3010000-102-1999-12130,폐업,62.64,서울특별시 중구 북창동 66-0번지 ,,,초심,룸살롱,197967.2181,451154.2831,,,,,,,
3010000,3010000-102-1999-12132,영업/정상,187.34,서울특별시 중구 북창동 20-3 3층 ,,,김미김미,룸살롱,197911.394,451104.0823,,,,,,,
3010000,3010000-102-1999-12137,폐업,115.62,서울특별시 중구 광희동1가 193-0 지하1층,서울특별시 중구 장충단로 225 (광희동1가,지하1층),4561,02:00.0,룸살롱,200547.6397,,,,,,,
3010000,3010000-102-1999-12142,폐업,94.02,서울특별시 중구 태평로2가 318-1번지 ,,,미라보,룸살롱,197811.632,451219.9341,,,,,,,
3010000,3010000-102-1999-12145,폐업,134.7,서울특별시 중구 초동 21-2번지 ,,,블루크럽,룸살롱,199226.8476,451398.6012,,,,,,,
3010000,3010000-102-1999-12153,폐업,74.93,서울특별시 중구 북창동 99-3번지 ,,,파라오,룸살롱,197947.6512,451086.9598,,,,,,,
3010000,3010000-102-1999-12159,영업/정상,95,서울특별시 중구 을지로2가 163-5 ,서울특별시 중구 을지로 78 (을지로2가),4538,선물,룸살롱,198740.4931,451509.1147,,,,,,,
3010000,3010000-102-1999-12160,폐업,92.09,서울특별시 중구 광희동1가 187-2번지 ,,,힐타운,룸살롱,200511.77,451411.7254,,,,,,,
3010000,3010000-102-1999-12164,폐업,132.45,서울특별시 중구 북창동 18-4번지 ,서울특별시 중구 남대문로1길 46, 2층 (북창동),4526,59:59.0,카바레,197947.6745,,,,,,,
3010000,3010000-102-1999-12187,영업/정상,34.1,서울특별시 중구 오장동 139-17번지 ,서울특별시 중구 마른내로 123 (오장동),4547,명동노래주점뱅크,간이주점,200087.0293,451381.6003,,,,,,,
3010000,3010000-102-1999-12203,폐업,86.74,서울특별시 중구 충무로5가 20-5번지 ,,,백두산,룸살롱,199937.0119,451179.1677,,,,,,,
3010000,3010000-102-1999-12212,영업/정상,145.88,서울특별시 중구 광희동1가 182-21,서울특별시 중구 을지로44길 13 (광희동1가),4561,타이밍,룸살롱,200523.2919,451462.6255,,,,,,,
3010000,3010000-102-1999-12223,영업/정상,66.61,서울특별시 중구 저동2가 80-5번지 ,서울특별시 중구 수표로 51 (저동2가),4551,라이브노래주점,간이주점,199017.6547,451486.9589,,,,,,,
3010000,3010000-102-1999-12226,폐업,125.83,서울특별시 중구 충무로1가 24-28번지 ,서울특별시 중구 명동2길 57 (충무로1가),4536,팡팡노래뱅크,룸살롱,198467.5819,450968.9853,,,,,,,
3010000,3010000-102-1999-12234,폐업,31.37,서울특별시 중구 태평로2가 68-13번지 ,,,베르사체,룸살롱,197923.1075,451210.1559,,,,,,,
3010000,3010000-102-1999-12235,폐업,92.61,서울특별시 중구 무교동 12-1번지 ,,,보물섬노래방주점,룸살롱,198117.5253,451757.6239,,,,,,,
3010000,3010000-102-1999-12241,영업/정상,54.8,서울특별시 중구 충무로3가 57-5번지 ,서울특별시 중구 수표로2길 29 (충무로3가),4554,오렌지 노래클럽,룸살롱,199235.3389,451113.1481,,,,,,,
3010000,3010000-102-1999-12259,폐업,110.74,서울특별시 중구 을지로2가 199-33번지 ,,,메트로클럽,룸살롱,198492.8019,451427.349,,,,,,,
3010000,3010000-102-1999-12277,영업/정상,68.22,서울특별시 중구 다동 50-0번지 ,서울특별시 중구 다동길 17 (다동),4521,킹카노래주점,룸살롱,198191.2382,451735.1001,,,,,,,
3010000,3010000-102-1999-12279,폐업,128.04,서울특별시 중구 무교동 45-0번지 ,,,버킹검,룸살롱,198055.2101,451729.379,,,,,,,
3010000,3010000-102-1999-12284,폐업,43.81,서울특별시 중구 태평로2가 69-12번지 ,,,썬로즈,룸살롱,197881.5352,451106.7962,,,,,,,
3010000,3010000-102-1999-12304,영업/정상,73.35,서울특별시 중구 오장동 206-37,서울특별시 중구 마른내로 124 (오장동),4559,차차차노래터,룸살롱,200087.8257,451349.24,,,,,,,
3010000,3010000-102-1999-12316,영업/정상,84.85,서울특별시 중구 을지로1가 37-0번지 (4층) ,서울특별시 중구 을지로1길 15 (을지로1가,(4층)),4523,40:00.0,198139.29,451612.4388,,,,,,,
3010000,3010000-102-1999-12317,폐업,134.83,서울특별시 중구 인현동2가 96-1번지 ,5,6,7,,5,6,,,,,,N,134.83
3010000,3010000-102-1999-12333,폐업,42.2,서울특별시 중구 충무로3가 25-2번지 ,,,수정노래밤주점,룸살롱,199216.2606,451202.9019,,,,,,,
3010000,3010000-102-1999-12340,폐업,52.98,서울특별시 중구 을지로2가 148-5번지 ,,,홍콩비지니스,룸살롱,,,,,,,,,
3010000,3010000-102-1999-12341,폐업,90.98,서울특별시 중구 다동 120-0번지 ,,,노래마을주점,카바레,198319.0868,451637.8829,,,,,,,
3010000,3010000-102-1999-12349,폐업,135.14,서울특별시 중구 삼각동 115-0번지 ,,,리더스,룸살롱,198448.8484,451658.3045,,,,,,,
3010000,3010000-102-1999-12368,폐업,94.5,서울특별시 중구 다동 160-0번지 ,,,알라딘,룸살롱,,,,,,,,,
3010000,3010000-102-1999-12382,폐업,248.38,서울특별시 중구 태평로2가 69-10번지 ,,,뉴 유토피아,룸살롱,197881.4559,451116.4431,,,,,,,
3010000,3010000-102-1999-12394,폐업,134.16,서울특별시 중구 신당동 120-5번지 ,,,브루쉘비지니스클럽,룸살롱,201541.2338,451456.2961,,,,,,,
3010000,3010000-102-1999-12395,폐업,405.3,서울특별시 중구 북창동 19-2번지 ,,,빠담빠담,카바레,197918.4113,451168.754,,,,,,,
3010000,3010000-102-1999-12397,폐업,101.54,서울특별시 중구 북창동 111-2번지 ,,,클레오파트라,룸살롱,197975.5428,451036.1263,,,,,,,
3010000,3010000-102-1999-12398,폐업,72.69,서울특별시 중구 북창동 42-2번지 ,서울특별시 중구 세종대로18길 14 (북창동),4526,프라자비지니스,룸살롱,197975.1758,451262.7828,,,,,,,
3010000,3010000-102-1999-12399,영업/정상,59.48,서울특별시 중구 저동1가 90-6번지 ,서울특별시 중구 명동길 89-2 (저동1가),4538,퀸,룸살롱,198858.1964,451698.9042,,,,,,,
3010000,3010000-102-1999-12426,영업/정상,43.68,서울특별시 중구 북창동 20-3번지 (지상3,4층) ,서울특별시 중구 세종대로 66-11, 3층,2015-03-18 16:11,197911.394,451104.0823,,,,,,,
3010000,3010000-102-1999-12427,영업/정상,94,서울특별시 중구 다동 58-1 지하1층 ,서울특별시 중구 다동길 33, 지하1층 (다동),4521,40:00.0,198264.7839,451746.9218,,,,,,,
3010000,3010000-102-1999-12447,폐업,319.59,서울특별시 중구 남산동2가 1-1번지 ,,,프린스,룸살롱,450932.9648,룸살롱,,,,,,,
3010000,3010000-102-1999-12450,폐업,136.96,서울특별시 중구 광희동1가 182-30번지 ,,,B.M.W,룸살롱,451440.6143,룸살롱,,,,,,,
3010000,3010000-102-1999-12465,폐업,64.87,서울특별시 중구 다동 162-1번지 ,,,토마토비지니스클럽,룸살롱,,룸살롱,,,,,,,
3010000,3010000-102-1999-12466,폐업,96.92,서울특별시 중구 태평로2가 330-2번지 지상1층 ,,,태평양노래주점,룸살롱,451248.7754,룸살롱,,,,,,,
3010000,3010000-102-2000-12486,폐업,124.69,서울특별시 중구 예관동 70-27번지 시사빌딩지층 ,,,클럽아이,룸살롱,451300.5978,룸살롱,,,,,,,
3010000,3010000-102-2000-12517,폐업,98.01,서울특별시 중구 다동 183-0번지 ,,,째즈밤,룸살롱,,룸살롱,,,,,,,
3010000,3010000-102-2000-12518,폐업,73.81,서울특별시 중구 태평로2가 68-1번지 ,,,월드컵,룸살롱,451235.3738,룸살롱,,,,,,,
3010000,3010000-102-2000-12528,폐업,93.22,서울특별시 중구 충무로3가 57-24번지 ,,,오렌지,룸살롱,451112.8236,룸살롱,,,,,,,
3010000,3010000-102-2000-12538,폐업,126.32,서울특별시 중구 무교동 25-1번지 ,,,신밧드,룸살롱,451652.3977,룸살롱,,,,,,,
3010000,3010000-102-2000-12543,폐업,101.54,서울특별시 중구 북창동 111-2번지 ,,,클레오파트라,룸살롱,451036.1263,룸살롱,,,,,,,
3010000,3010000-102-2000-12545,폐업,92.6,서울특별시 중구 다동 114-0번지 ,,,웰빙오페라노래주점,룸살롱,451614.0686,룸살롱,,,,,,,
3010000,3010000-102-2000-12556,폐업,43.67,서울특별시 중구 북창동 135-1번지 ,,,뉴월드,룸살롱,451012.7804,룸살롱,,,,,,,
3010000,3010000-102-2000-12561,영업/정상,110.13,서울특별시 중구 남창동 169-4번지 지하1층 ,서울특별시 중구 퇴계로 38 (남창동,지하1층),4635,59:59.0,197913.8141,450584.5475,,,,,,,
3010000,3010000-102-2000-12576,폐업,59.6,서울특별시 중구 북창동 85번지 지상1-2층 ,,,빠삐용,룸살롱,451164.264,룸살롱,,,,,,,
3010000,3010000-102-2000-12585,폐업,42.39,서울특별시 중구 을지로1가 46-2번지 ,,,서울,룸살롱,451581.6009,룸살롱,,,,,,,
3010000,3010000-102-2000-12601,폐업,55.25,서울특별시 중구 남대문로3가 86-0번지 ,,,르네상스,룸살롱,450990.3489,룸살롱,,,,,,,
3010000,3010000-102-2000-12602,영업/정상,48.92,서울특별시 중구 을지로3가 296-2번지 지하1층 ,서울특별시 중구 충무로 49-1 (을지로3가, 지하1층),4550,59:59.0,199269.5279,451465.0422,,,,,,,
3010000,3010000-102-2000-12609,폐업,63.28,서울특별시 중구 태평로1가 31-20번지 28 ,,,쇼걸,룸살롱,198022.1303,451685.7215,,,,,,,
3010000,3010000-102-2000-12640,영업/정상,56.4,서울특별시 중구 수표동 62-4번지 ,서울특별시 중구 청계천로 106 (수표동),4542,귀빈,룸살롱,198984.5044,451729.0974,,,,,,,
3010000,3010000-102-2000-12651,폐업,61.23,서울특별시 중구 다동 185-1번지 2 ,,,캔디,룸살롱,,,,,,,,,
3010000,3010000-102-2000-12656,폐업,135.23,서울특별시 중구 황학동 73-1번지 ,,,털보,룸살롱,201637.8551,451945.7554,,,,,,,
3010000,3010000-102-2000-12666,폐업,190.16,서울특별시 중구 을지로1가 32-0번지 ,,,아시나요노래방주점,룸살롱,198118.8801,451614.3629,,,,,,,
3010000,3010000-102-2000-12669,폐업,109.32,서울특별시 중구 다동 156-0번지 ,,,원타임,룸살롱,,,,,,,,,
3010000,3010000-102-2000-12671,폐업,84.75,서울특별시 중구 충무로5가 76-2번지 ,서울특별시 중구 퇴계로 238 (충무로5가),4624,다이애나,룸살롱,199768.5123,451071.023,,,,,,,
3010000,3010000-102-2000-12712,영업/정상,99,서울특별시 중구 서소문동 89-0번지 ,서울특별시 중구 서소문로 128-3 (서소문동),4514,Bugs,룸살롱,197770.9203,451225.8832,,,,,,,
3010000,3010000-102-2000-12758,영업/정상,87.88,서울특별시 중구 북창동 10-4번지 지하1층 ,서울특별시 중구 남대문로5길 47, 지하1층 (북창동),4526,59:59.0,198044.6654,451236.6347,,,,,,,
3010000,3010000-102-2000-12776,폐업,68.84,서울특별시 중구 인현동1가 141-2번지 ,,,엔돌핀노래바,룸살롱,451201.8239,룸살롱,,,,,,,
3010000,3010000-102-2000-12778,폐업,82.2,서울특별시 중구 북창동 136-0 ,서울특별시 중구 남대문로1길 2 (북창동),4526,비지니스,룸살롱,450999.0984,룸살롱,,,,,,,
3010000,3010000-102-2000-12787,폐업,92.64,서울특별시 중구 북창동 104번지 2층 ,서울특별시 중구 남대문로1길 26-10, 2층 (북창동),4526,59:59.0,197986.8957,451089.6626,,,,,,,
3010000,3010000-102-2000-12818,폐업,58.54,서울특별시 중구 태평로2가 69-1번지 2층 ,,,누리,룸살롱,451181.56,룸살롱,,,,,,,
3010000,3010000-102-2000-12854,영업/정상,269.36,서울특별시 중구 다동 88-0 지하15호,서울특별시 중구 남대문로 117 (다동,지하15호),4522,03:00.0,198367.639,451720.218,,,,,,,
3010000,3010000-102-2000-12873,폐업,70.4,서울특별시 중구 충무로5가 59-1번지 ,,,백궁,룸살롱,,룸살롱,,,,,,,
3010000,3010000-102-2000-12874,영업/정상,95,서울특별시 중구 북창동 19-6 지상 2~3층,서울특별시 중구 세종대로14길 6-3 (북창동,지상 2~3층),4526,05:00.0,197911.0953,451167.0272,,,,,,,
3010000,3010000-102-2000-12895,영업/정상,48.71,서울특별시 중구 주교동 122-4 2층,서울특별시 중구 창경궁로8길 2-1 (주교동, 2층),4546,06:00.0,199778.4621,451792.7299,,,,,,,
3010000,3010000-102-2000-12904,폐업,38.14,서울특별시 중구 다동 192-1번지 ,2호 ,,,59:59.0,룸살롱,,,,,,,,
3010000,3010000-102-2000-12926,폐업,367.49,서울특별시 중구 북창동 125-0번지 외2 ,,,폭스,카바레,197979.2058,451026.554,,,,,,,
3010000,3010000-102-2000-12940,영업/정상,91.26,서울특별시 중구 태평로1가 31-19번지 ,서울특별시 중구 무교로 17-25 (태평로1가),4520,체스,룸살롱,198035.465,451682.9081,,,,,,,
3010000,3010000-102-2000-12941,폐업,75.08,서울특별시 중구 광희동1가 142-0번지 ,,,자이안트,룸살롱,200498.4975,451494.7068,,,,,,,
3010000,3010000-102-2000-12949,영업/정상,82.97,서울특별시 중구 저동2가 76-6,서울특별시 중구 수표로 43 (저동2가),4551,또또와,룸살롱,199025.8253,451419.1703,,,,,,,
3010000,3010000-102-2000-12950,폐업,72.9,서울특별시 중구 태평로2가 69-6번지 ,,,채널,룸살롱,197885.4184,451144.2217,,,,,,,
3010000,3010000-102-2000-12958,폐업,48.94,서울특별시 중구 을지로2가 148-1번지 ,,,무랑루즈,룸살롱,,,,,,,,,
3010000,3010000-102-2000-12964,폐업,49.64,서울특별시 중구 을지로6가 18-75번지 ,,,랑데뷰,룸살롱,200516.0924,451612.315,,,,,,,
3010000,3010000-102-2000-12974,폐업,59.63,서울특별시 중구 다동 58-1번지 ,,,일번지,룸살롱,198264.7839,451746.9218,,,,,,,
3010000,3010000-102-2000-12980,폐업,49.1,서울특별시 중구 다동 192-1번지 2호 ,,,라이브,룸살롱,,,,,,,,,
3010000,3010000-102-2000-12989,폐업,131.73,서울특별시 중구 다동 191-0번지 ,,,개선문,룸살롱,,,,,,,,,
3010000,3010000-102-2000-12993,폐업,48.96,서울특별시 중구 다동 190-0번지 ,,,하와이,룸살롱,,,,,,,,,
3010000,3010000-102-2000-13054,영업/정상,73.6,서울특별시 중구 태평로2가 330-2번지 ,서울특별시 중구 서소문로 136 (태평로2가),4514,국민 노래밤,룸살롱,197821.0571,451248.7754,,,,,,,
3010000,3010000-102-2000-13103,폐업,86.4,서울특별시 중구 명동2가 2-16번지 외2필지3층 ,,,고리야,비어(바)살롱,198674.6736,451271.2187,,,,,,,
3010000,3010000-102-2000-13105,폐업,144.13,서울특별시 중구 충무로2가 62-9번지 ,,,아이앤유(I&you),룸살롱,198814.8844,451003.687,,,,,,,
3010000,3010000-102-2000-13121,폐업,55.15,서울특별시 중구 남대문로5가 6-11번지 외1필지 ,,,또와,룸살롱,197544.2205,450668.7866,,,,,,,
3010000,3010000-102-2000-13140,폐업,166.83,서울특별시 중구 다동 170-1번지 ,,,바나나,룸살롱,198178.212,451722.2396,,,,,,,
3010000,3010000-102-2000-13143,폐업,94.48,서울특별시 중구 북창동 118-0번지 119-0 ,,,로마,룸살롱,197958.2625,451056.1464,,,,,,,
3010000,3010000-102-2000-13165,폐업,80.57,서울특별시 중구 북창동 103-1번지 ,,,코리아나,룸살롱,,,,,,,,,
3010000,3010000-102-2000-13185,폐업,85.21,서울특별시 중구 북창동 94-18번지 ,,,포인트,룸살롱,198005.1977,451074.2549,,,,,,,
3010000,3010000-102-2000-13190,폐업,95,서울특별시 중구 북창동 66-0번지 ,,,소주군 노래양,룸살롱,197967.2181,451154.2831,,,,,,,
3010000,3010000-102-2000-13204,영업/정상,87.28,서울특별시 중구 광희동1가 187-2번지 ,서울특별시 중구 을지로44길 23 (광희동1가),4561,골드,룸살롱,200511.77,451411.7254,,,,,,,
3010000,3010000-102-2000-13205,폐업,134.7,서울특별시 중구 초동 21-2번지 ,,,궁전가요주점,룸살롱,199226.8476,451398.6012,,,,,,,
3010000,3010000-102-2000-13206,폐업,47.15,서울특별시 중구 북창동 63-0,서울특별시 중구 세종대로14길 18 (북창동),4526,세시봉,룸살롱,197963.4802,451166.9203,,,,,,,
3010000,3010000-102-2000-13214,폐업,212.73,서울특별시 중구 북창동 12-1번지 ,,,시카고,룸살롱,198018.6799,451207.7298,,,,,,,
3010000,3010000-102-2000-13215,폐업,105.6,서울특별시 중구 남대문로4가 20-60번지 ,,,라이트,룸살롱,197846.4479,450872.5889,,,,,,,
3010000,3010000-102-2000-13216,폐업,123.45,서울특별시 중구 수하동 40-2번지 ,,,보물성,룸살롱,198537.6344,451684.5041,,,,,,,
3010000,3010000-102-2000-13220,폐업,79.81,서울특별시 중구 남대문로3가 88-0번지 ,,,폭스룸,룸살롱,197987.7657,450996.805,,,,,,,
3010000,3010000-102-2000-13227,폐업,74.93,서울특별시 중구 북창동 99-3번지 지상2-3층 ,,,여인도시,룸살롱,197947.6512,451086.9598,,,,,,,
3010000,3010000-102-2000-13230,폐업,82.32,서울특별시 중구 인현동2가 73-1번지 ,,,미라보,룸살롱,199550.5063,451392.2197,,,,,,,
3010000,3010000-102-2000-13232,영업/정상,63,서울특별시 중구 신당동 247-14번지 ,서울특별시 중구 퇴계로 386-1 (신당동),4611,궁,룸살롱,201204.1147,451408.5865,,,,,,,
3010000,3010000-102-2000-13233,폐업,56.15,서울특별시 중구 북창동 120-2번지 ,서울특별시 중구 남대문로1길 14 (북창동),4526,초원의집,룸살롱,197955.2366,451040.2211,,,,,,,
3010000,3010000-102-2000-13235,폐업,89.91,서울특별시 중구 북창동 3-1 성원빌딩지하1층 ,서울특별시 중구 세종대로18길 28 (북창동,성원빌딩지하1층),4526,40:00.0,룸살롱,198040.5797,,,,,,,
3010000,3010000-102-2000-13341,폐업,81.74,서울특별시 중구 필동1가 3-6번지 지하1층 ,서울특별시 중구 수표로2길 22 (필동1가),4554,잠수함,룸살롱,199215.9809,451084.357,,,,,,,
3010000,3010000-102-2000-13343,영업/정상,98.95,서울특별시 중구 을지로3가 348-7 2층,서울특별시 중구 수표로 52-1 (을지로3가),4550,딸기노래짱,스텐드바,199046.1362,451509.6373,,,,,,,
3010000,3010000-102-2000-13370,폐업,39.37,서울특별시 중구 북창동 94-10번지 2층 ,,,노틀담,룸살롱,197971.2415,451117.83,,,,,,,
3010000,3010000-102-2000-13381,폐업,88.5,서울특별시 중구 다동 128-0번지 ,,,워싱턴,룸살롱,198275.0016,451692.3252,,,,,,,
3010000,3010000-102-2000-13382,영업/정상,93.09,서울특별시 중구 을지로4가 316-1,서울특별시 중구 을지로20길 10-4 (을지로4가),4549,샤넬노래바,룸살롱,199500.4199,451531.4918,,,,,,,
3010000,3010000-102-2000-13383,영업/정상,48.9,서울특별시 중구 중림동 69-8 지하1층,서울특별시 중구 청파로 437-1 (중림동,지하1층),4507,06:00.0,197192.8104,450712.2255,,,,,,,
3010000,3010000-102-2000-13384,폐업,31.2,서울특별시 중구 북창동 14-5번지 지상2층 ,,,로데오,룸살롱,198019.342,451266.0823,,,,,,,
3010000,3010000-102-2000-13385,폐업,80.75,서울특별시 중구 무교동 21-3번지 ,,,브로드웨이 바,룸살롱,198109.6173,451640.774,,,,,,,
3010000,3010000-102-2001-13404,폐업,99.34,서울특별시 중구 다동 188-0번지 ,,,돈텔마마,룸살롱,,,,,,,,,
3010000,3010000-102-2001-13410,폐업,72.73,서울특별시 중구 남대문로3가 86-0번지 1층 ,,,돈텔마마,룸살롱,197966.064,450990.3489,,,,,,,
3010000,3010000-102-2001-13411,영업/정상,84,서울특별시 중구 충무로4가 149-3번지 ,서울특별시 중구 충무로2길 20 (충무로4가),4557,모델비지니스클럽,룸살롱,199420.5863,451122.4438,,,,,,,
3010000,3010000-102-2001-13459,폐업,83.37,서울특별시 중구 서소문동 91-0번지 지하1층 ,,,뉴욕,룸살롱,197769.1005,451242.91,,,,,,,
3010000,3010000-102-2001-13471,폐업,50,서울특별시 중구 북창동 94-18번지 1층 ,,,술마시는주점,룸살롱,198005.1977,451074.2549,,,,,,,
3010000,3010000-102-2001-13506,영업/정상,122.69,서울특별시 중구 북창동 42-3번지 (2~3층) ,서울특별시 중구 남대문로1길 60 (북창동,(2~3층)),4526,40:00.0,197968.205,451266.0076,,,,,,,
3010000,3010000-102-2001-13542,폐업,118.77,서울특별시 중구 북창동 136-0 ,서울특별시 중구 남대문로1길 2 (북창동),4526,자이안트,룸살롱,197959.7815,450999.0984,,,,,,,
3010000,3010000-102-2001-13565,영업/정상,96.85,서울특별시 중구 충무로2가 51-1번지 ,서울특별시 중구 삼일대로4길 14 (충무로2가),4553,보스,비어(바)살롱,199046.7949,451066.0381,,,,,,,
3010000,3010000-102-2001-13567,폐업,96,서울특별시 중구 을지로6가 18-130번지 지하1층 ,,,야수,룸살롱,200513.5245,451579.0998,,,,,,,
3010000,3010000-102-2001-13573,폐업,112.2,서울특별시 중구 북창동 111-2번지 ,,,클레오파트라,룸살롱,197975.5428,451036.1263,,,,,,,
3010000,3010000-102-2001-13579,영업/정상,118,서울특별시 중구 광희동1가 187-1,서울특별시 중구 을지로44길 19 (광희동1가),4561,앵콜,룸살롱,200512.2471,451433.391,,,,,,,
3010000,3010000-102-2001-13584,폐업,36.46,서울특별시 중구 북창동 123-0번지 ,,,쥴리아나,룸살롱,197952.6918,451017.5055,,,,,,,
3010000,3010000-102-2001-13660,영업/정상,82.3,서울특별시 중구 무학동 11-2 지하1층 ,서울특별시 중구 퇴계로 398 (무학동, 지하1층),4611,40:00.0,201325.3842,451418.2186,,,,,,,
3010000,3010000-102-2001-13663,폐업,135.37,서울특별시 중구 황학동 2478-0번지 지하1층 ,서울특별시 중구 퇴계로 459 (황학동,지하1층),4575,40:00.0,룸살롱,201947.0843,,,,,,,
3010000,3010000-102-2001-13668,폐업,78.6,서울특별시 중구 북창동 66-0번지 지하1층 ,,,초심,룸살롱,197967.2181,451154.2831,,,,,,,
3010000,3010000-102-2001-13669,폐업,133.8,서울특별시 중구 남대문로5가 12-38번지 ,서울특별시 중구 세종대로 20 (남대문로5가),,랑데뷰,룸살롱,197646.779,450670.574,,,,,,,
3010000,3010000-102-2001-13670,영업/정상,75.63,서울특별시 중구 북창동 98-0번지 ,서울특별시 중구 남대문로1길 26 (북창동),4526,엔에스,노래클럽,197945.8254,451102.6517,,,,,,,
3010000,3010000-102-2001-13671,폐업,33.3,서울특별시 중구 북창동 72-0번지 ,,,런던,룸살롱,197964.8658,451137.2938,,,,,,,
3010000,3010000-102-2001-13745,폐업,67.5,서울특별시 중구 을지로4가 162-8번지 지하1층 ,서울특별시 중구 을지로30길 8 (을지로4가,지하1층),4547,36:52.0,룸살롱,199918.3329,,,,,,,
3010000,3010000-102-2001-13814,폐업,136.57,서울특별시 중구 만리동2가 226-1번지 ,서울특별시 중구 만리재로 143 (만리동2가),,칼라노래짱타운,룸살롱,196662.4452,449997.6368,,,,,,,
3010000,3010000-102-2001-13825,영업/정상,92.5,서울특별시 중구 남대문로4가 3-13 ,서울특별시 중구 남대문로 16 (남대문로4가),4529,황제노래터유흥주점,룸살롱,197945.3755,450937.1058,,,,,,,
3010000,3010000-102-2001-13826,영업/정상,66.06,서울특별시 중구 남대문로5가 63-20번지 1층 ,서울특별시 중구 세종대로 7 (남대문로5가, 1층),4512,59:59.0,197519.4805,450619.071,,,,,,,
3010000,3010000-102-2001-13879,영업/정상,74.89,서울특별시 중구 충무로4가 29-3,서울특별시 중구 퇴계로41길 13 (충무로4가),4556,도레미노래광장,룸살롱,199541.8713,451126.308,,,,,,,
3010000,3010000-102-2001-13975,폐업,301.23,서울특별시 중구 회현동1가 194-34번지 ,,,심포시아,룸살롱,198102.7001,450841.2197,,,,,,,
3010000,3010000-102-2001-13976,영업/정상,93.8,서울특별시 중구 충무로4가 130-3번지 외1(지상2층) ,서울특별시 중구 충무로2길 34-1 (충무로4가,외1(지상2층)),4557,59:59.0,199489.1793,451106.9518,,,,,,,
3010000,3010000-102-2001-13977,폐업,39.67,서울특별시 중구 남대문로5가 12-8번지 ,서울특별시 중구 세종대로 12 (남대문로5가),,보물섬,룸살롱,197608.8277,450617.7859,,,,,,,
3010000,3010000-102-2001-13978,폐업,110.26,서울특별시 중구 충무로2가 61-1번지 지상 2층 ,,,로마,룸살롱,198877.7632,451053.9068,,,,,,,
3010000,3010000-102-2001-13979,영업/정상,98.81,서울특별시 중구 초동 19-9 ,서울특별시 중구 을지로14길 27 (초동),4550,퇴근길노래주점짱,룸살롱,199247.6529,451416.8542,,,,,,,
3010000,3010000-102-2001-13980,영업/정상,77.75,서울특별시 중구 황학동 809 지상 2층,서울특별시 중구 난계로11길 6 (황학동,지상 2층),4575,07:00.0,201978.0741,451518.3053,,,,,,,
3010000,3010000-102-2001-13981,폐업,138.48,서울특별시 중구 신당동 247-16번지 지하1층 ,,,비쥬,룸살롱,451400.4684,룸살롱,,,,,,,
3010000,3010000-102-2001-13982,영업/정상,98,서울특별시 중구 황학동 738 지하1층 ,서울특별시 중구 퇴계로 423-2 (황학동, 지하1층),4576,40:00.0,201601.7862,451508.7369,,,,,,,
3010000,3010000-102-2001-13983,영업/정상,59.5,서울특별시 중구 충무로4가 133-20 지상2층 ,서울특별시 중구 충무로2길 32-6 (충무로4가,지상2층),4557,40:00.0,199465.0315,451099.7266,,,,,,,
3010000,3010000-102-2001-13984,영업/정상,85.69,서울특별시 중구 을지로5가 20-2 지하1층 ,서울특별시 중구 을지로 211 (을지로5가,지하1층),4546,40:00.0,200071.612,451641.8571,,,,,,,
3010000,3010000-102-2001-13985,영업/정상,82.5,서울특별시 중구 을지로3가 334-10번지 지하1층 ,서울특별시 중구 을지로12길 10 (을지로3가,지하1층),4550,59:59.0,199143.905,451509.1502,,,,,,,
3010000,3010000-102-2001-13986,영업/정상,108.16,서울특별시 중구 인현동1가 15-15 지하1층,서울특별시 중구 을지로20길 16 (인현동1가,지하1층),4549,02:00.0,199507.4754,451488.4124,,,,,,,
3010000,3010000-102-2001-13987,폐업,1,100851,서울특별시 중구 을지로6가 18-131번지 지상7~8층 ,,,59:59.0,200492.7649,451583.8365,,,,,,,
3010000,3010000-102-2001-13988,폐업,92.43,서울특별시 중구 다동 58-1번지 (지상3층) ,,,신나라,룸살롱,451746.9218,룸살롱,,,,,,,
3010000,3010000-102-2001-13989,영업/정상,94.2,서울특별시 중구 광희동1가 130 지하1층,서울특별시 중구 을지로42길 11 (광희동1가,지하1층),4561,08:00.0,200448.9723,451491.6664,,,,,,,
3010000,3010000-102-2001-13990,폐업,394.6,서울특별시 중구 명동2가 31-1번지 지상21층 ,,,명동로마,고고(디스코)클럽,451135.7403,고고(디스코)클럽,,,,,,,
3010000,3010000-102-2001-13991,영업/정상,98,서울특별시 중구 황학동 706-2 지하1층 ,서울특별시 중구 퇴계로 439-4 (황학동,지하1층),4576,40:00.0,201775.039,451516.7714,,,,,,,
3010000,3010000-102-2001-13992,폐업,53.53,서울특별시 중구 충무로3가 57-11번지 지하1층 ,서울특별시 중구 퇴계로31길 27 (충무로3가,지하1층),4554,59:59.0,199230.8786,451126.5707,,,,,,,
3010000,3010000-102-2001-13993,폐업,59.84,서울특별시 중구 저동2가 76번지 지상2층 ,,,영찬,룸살롱,451432.9999,룸살롱,,,,,,,
3010000,3010000-102-2002-00001,폐업,63.61,서울특별시 중구 남대문로3가 91번지 외1 지상1층 ,,,초원의집,룸살롱,451001.0272,룸살롱,,,,,,,
3010000,3010000-102-2002-00002,폐업,67.52,서울특별시 중구 남대문로5가 17-11번지 지하1층 ,서울특별시 중구 세종대로4길 5 (남대문로5가,지하1층),4527,40:00.0,197670.3053,450685.6518,,,,,,,
3010000,3010000-102-2002-00003,영업/정상,57.06,서울특별시 중구 충무로4가 24-3 지하1층,서울특별시 중구 충무로2길 29 (충무로4가,지하1층),4556,05:00.0,199481.3761,451138.5287,,,,,,,
3010000,3010000-102-2002-00004,영업/정상,40,서울특별시 중구 다동 58-1번지 4층 ,서울특별시 중구 다동길 33, 4층 (다동),4521,59:59.0,198264.7839,451746.9218,,,,,,,
3010000,3010000-102-2002-00005,폐업,40.66,서울특별시 중구 북창동 99-2번지 지상2층 ,,,썬샤인,룸살롱,451081.9042,룸살롱,,,,,,,
3010000,3010000-102-2002-00006,영업/정상,62.91,서울특별시 중구 필동1가 10-6 지하1층 ,서울특별시 중구 퇴계로31길 9 (필동1가,지하1층),4554,40:00.0,199238.8375,451039.7926,,,,,,,
3010000,3010000-102-2002-00007,폐업,367.49,서울특별시 중구 북창동 125번지 외2필지 지상1층 ,,,폭스,룸살롱,451026.554,룸살롱,,,,,,,
3010000,3010000-102-2002-00008,영업/정상,88.6,서울특별시 중구 인현동1가 97-2 지하1층 ,서울특별시 중구 마른내로 54-1 (인현동1가,지하1층),4556,40:00.0,199389.2572,451326.8259,,,,,,,
3010000,3010000-102-2002-00009,폐업,64.82,서울특별시 중구 회현동2가 2-1번지 지상2층 ,,,렉서스,룸살롱,,룸살롱,,,,,,,
3010000,3010000-102-2002-00010,폐업,74.1,서울특별시 중구 태평로2가 68-9번지 지상2층 ,,,엠앤드에이,룸살롱,451220.481,룸살롱,,,,,,,
3010000,3010000-102-2002-00011,영업/정상,75.31,서울특별시 중구 중림동 128-21번지 지하1층 ,서울특별시 중구 청파로 427-3 (중림동,지하1층),4507,59:59.0,197192.6878,450621.3195,,,,,,,
3010000,3010000-102-2002-00012,영업/정상,81.52,서울특별시 중구 주교동 124-1 지하1층,서울특별시 중구 창경궁로 70, 지하1층 (주교동),4546,06:00.0,199776.9708,451805.6567,,,,,,,
3010000,3010000-102-2002-00014,폐업,89.3,서울특별시 중구 다동 170-1번지 지하1층 ,,,멜로디팡팡,룸살롱,451722.2396,룸살롱,,,,,,,
3010000,3010000-102-2002-00015,폐업,46.4,서울특별시 중구 북창동 17-5번지 2층 ,,,자유인노래주점,룸살롱,451194.9986,룸살롱,,,,,,,
3010000,3010000-102-2002-00016,폐업,89,서울특별시 중구 북창동 118번지 , 119번지 3층 ,서울특별시 중구 남대문로1길 16, 3층 (북창동),I,룸살롱,197958.2625,,,,,,,
3010000,3010000-102-2002-00017,영업/정상,26.32,서울특별시 중구 충무로3가 34-7번지 2층 ,서울특별시 중구 마른내로4길 36 (충무로3가,2층),4556,40:00.0,199341.0002,451166.0663,,,,,,,
3010000,3010000-102-2002-00018,폐업,104.63,서울특별시 중구 을지로5가 19-13번지 지하1층 ,서울특별시 중구 을지로 207-5 (을지로5가,지하1층),4546,59:59.0,200035.5553,451655.6115,,,,,,,
3010000,3010000-102-2002-00019,폐업,92,서울특별시 중구 북창동 88-2번지 (3층) ,서울특별시 중구 세종대로14길 28-6 (북창동,(3층)),4526,59:59.0,198014.1664,451134.2483,,,,,,,
3010000,3010000-102-2002-00020,영업/정상,151.28,서울특별시 중구 충무로3가 33-3번지 지하1층 ,서울특별시 중구 충무로 20 (충무로3가,지하1층),4556,59:59.0,199337.1865,451182.9967,,,,,,,
3010000,3010000-102-2002-00021,영업/정상,147.82,서울특별시 중구 을지로3가 5-6 ,서울특별시 중구 을지로 109 (을지로3가),4543,웰빙(Well - being),룸살롱,199055.2889,451579.3198,,,,,,,
3010000,3010000-102-2002-00023,영업/정상,98,서울특별시 중구 광희동1가 187-5번지 지하1층 ,서울특별시 중구 을지로44길 27 (광희동1가,지하1층),4561,59:59.0,200510.2867,451400.5619,,,,,,,
3010000,3010000-102-2002-00024,폐업,89.04,서울특별시 중구 을지로3가 335-2번지 지하1층 ,,,특급,룸살롱,451467.8974,룸살롱,,,,,,,
3010000,3010000-102-2002-00025,영업/정상,79,서울특별시 중구 충무로3가 24-16 지하1층,서울특별시 중구 수표로 20-1 (충무로3가,지하1층),4555,09:00.0,199090.1123,451196.2118,,,,,,,
3010000,3010000-102-2002-00026,폐업,145.82,서울특별시 중구 필동1가 43-3번지 지하1층 ,,,미보,룸살롱,451044.8942,룸살롱,,,,,,,
3010000,3010000-102-2002-00027,영업/정상,39.18,서울특별시 중구 광희동1가 175-2번지 2층 ,서울특별시 중구 마른내로 163 (광희동1가,2층),4561,59:59.0,200477.2503,451376.271,,,,,,,
3010000,3010000-102-2002-00029,폐업,59.9,서울특별시 중구 명동1가 43번지 (2층) ,서울특별시 중구 명동9길 17-3 (명동1가,(2층)),4534,59:59.0,198565.4528,451371.9149,,,,,,,
3010000,3010000-102-2002-00030,영업/정상,70.76,서울특별시 중구 충무로4가 28-3번지 지상2층 ,서울특별시 중구 충무로2길 41, 2층 (충무로4가),4556,59:59.0,199528.4791,451130.4988,,,,,,,
3010000,3010000-102-2002-00031,폐업,105.27,서울특별시 중구 을지로5가 273-10번지 1층 ,,,여.여. 노래주점,룸살롱,451573.8624,룸살롱,,,,,,,
3010000,3010000-102-2002-00032,영업/정상,87.88,서울특별시 중구 서소문동 89번지 (3층) ,서울특별시 중구 서소문로 128-3 (서소문동,(3층)),4514,40:00.0,197770.9203,451225.8832,,,,,,,
3010000,3010000-102-2002-00033,폐업,53.1,서울특별시 중구 을지로1가 42 (지하1층),서울특별시 중구 남대문로9길 39 (을지로1가,(지하1층)),4523,08:00.0,198185.7683,451601.0637,,,,,,,
3010000,3010000-102-2002-00034,영업/정상,49.05,서울특별시 중구 황학동 632 (2층) ,서울특별시 중구 퇴계로87길 15-12 (황학동,(2층)),4576,40:00.0,201742.6872,451552.4014,,,,,,,
3010000,3010000-102-2002-00035,영업/정상,44.8,서울특별시 중구 충무로4가 15-18번지 (지상2층) ,,,오성,룸살롱,199447.9514,451139.1191,,,,,,,
3010000,3010000-102-2002-00036,폐업,64.38,서울특별시 중구 충무로5가 19-7번지 (1층) ,서울특별시 중구 창경궁로 2 (충무로5가,(1층)),4559,40:00.0,룸살롱,199815.7636,,,,,,,
3010000,3010000-102-2002-00037,폐업,106,서울특별시 중구 북창동 104-0번지 (1층) ,,,뉴파라다이스,룸살롱,197986.8957,451089.6626,,,,,,,
3010000,3010000-102-2002-00038,영업/정상,34.32,서울특별시 중구 수표동 56-14번지 (지하1층) ,서울특별시 중구 을지로9길 26 (수표동,(지하1층)),4542,59:59.0,198933.3682,451641.1434,,,,,,,
3010000,3010000-102-2002-00039,폐업,255.28,서울특별시 중구 광희동1가 143-2번지 (지하1층) ,,,구찌,룸살롱,451481.8447,룸살롱,,,,,,,
3010000,3010000-102-2002-00040,영업/정상,37.68,서울특별시 중구 충무로4가 132-5 (지하1층) ,서울특별시 중구 퇴계로 207 (충무로4가,(지하1층)),4557,40:00.0,199471.2693,451041.0343,,,,,,,
3010000,3010000-102-2002-00041,폐업,231.7,서울특별시 중구 을지로5가 275-5번지 (지하1층) ,,,프라다,룸살롱,451488.6616,룸살롱,,,,,,,
3010000,3010000-102-2002-00042,영업/정상,60.5,서울특별시 중구 인현동1가 87-16 (지하1층) ,서울특별시 중구 마른내로 58-1 (인현동1가,(지하1층)),4556,40:00.0,199430.4178,451318.9648,,,,,,,
3010000,3010000-102-2002-00043,영업/정상,85.8,서울특별시 중구 충무로4가 22번지 지하1층 ,서울특별시 중구 충무로2길 27, 지하1층 (충무로4가),4556,59:59.0,199463.5348,451139.1606,,,,,,,
3010000,3010000-102-2002-00044,폐업,66.46,서울특별시 중구 태평로1가 31-28번지 (지하1층) ,,,러브,룸살롱,451664.688,룸살롱,,,,,,,
3010000,3010000-102-2002-00045,폐업,83.53,서울특별시 중구 광희동1가 103-1번지 (지하1층) ,,,미인들의합창,룸살롱,451395.6485,룸살롱,,,,,,,
3010000,3010000-102-2002-00046,영업/정상,114.71,서울특별시 중구 을지로3가 302-15번지 (지하1층) ,서울특별시 중구 충무로7길 19 (을지로3가,(지하1층)),4550,59:59.0,199183.8349,451487.6491,,,,,,,
3010000,3010000-102-2002-00047,영업/정상,89.6,서울특별시 중구 충무로3가 59-10 (지하1층),서울특별시 중구 수표로2길 7 (충무로3가,(지하1층)),4554,01:00.0,199127.5345,451102.6862,,,,,,,
3010000,3010000-102-2002-00048,폐업,155.34,서울특별시 중구 태평로2가 69-6번지 (1층) ,,,싸이판,룸살롱,451144.2217,룸살롱,,,,,,,
3010000,3010000-102-2002-00049,폐업,98.43,서울특별시 중구 신당동 120-5번지 (지하1층) ,서울특별시 중구 퇴계로 420 (신당동,(지하1층)),4577,40:00.0,201541.2338,451456.2961,,,,,,,
3010000,3010000-102-2002-00050,영업/정상,92.38,서울특별시 중구 회현동1가 202-5번지 (지하1층) ,서울특별시 중구 남대문시장길 73-3 (회현동1가,(지하1층)),4529,40:00.0,198162.2112,450968.5355,,,,,,,
3010000,3010000-102-2002-00051,폐업,144,서울특별시 중구 을지로6가 18-84번지 (3층) ,서울특별시 중구 을지로43길 30 (을지로6가,(3층)),4564,59:59.0,200588.9599,451679.8841,,,,,,,
3010000,3010000-102-2002-00052,폐업,66.58,서울특별시 중구 산림동 207-1번지 (지하1층) ,,,관광,간이주점,451751.4241,간이주점,,,,,,,
3010000,3010000-102-2002-00053,영업/정상,46.5,서울특별시 중구 충무로4가 26번지 2층 ,서울특별시 중구 마른내로6길 37, 2층 (충무로4가),4556,59:59.0,199514.882,451135.5725,,,,,,,
3010000,3010000-102-2002-00054,영업/정상,179,서울특별시 중구 충무로2가 50-5번지 (지하1층) ,,,쌍떼,룸살롱,199037.8253,451103.6808,,,,,,,
3010000,3010000-102-2002-00055,폐업,240,서울특별시 중구 북창동 18-1번지 (지하1층,지상1층) ,,,59:59.0,룸살롱,197963.5267,,,,,,,
3010000,3010000-102-2002-00056,폐업,275.4,서울특별시 중구 북창동 122-0번지 (1~2층) ,,,센세이션,룸살롱,197959.8106,451024.3296,,,,,,,
3010000,3010000-102-2002-00057,폐업,92.97,서울특별시 중구 을지로3가 95-4번지 (2층) ,서울특별시 중구 충무로9길 12 (을지로3가,(2층)),4543,59:59.0,룸살롱,199207.0019,,,,,,,
3010000,3010000-102-2002-00058,영업/정상,73.27,서울특별시 중구 북창동 67-0 (2층),서울특별시 중구 남대문로1길 36 (북창동,(2층)),4526,04:00.0,197940.657,451160.1579,,,,,,,
3010000,3010000-102-2002-00059,영업/정상,98.66,서울특별시 중구 광희동1가 45-0번지 (지하1층) ,서울특별시 중구 을지로40길 18 (광희동1가,(지하1층)),4561,59:59.0,200304.8355,451520.4342,,,,,,,
3010000,3010000-102-2003-00001,폐업,60.57,서울특별시 중구 을지로2가 148-1번지 (2층) ,,,외성,간이주점,,간이주점,,,,,,,
3010000,3010000-102-2003-00002,영업/정상,57.64,서울특별시 중구 오장동 148-1번지 (2층) ,서울특별시 중구 을지로36길 40 (오장동,(2층)),4547,59:59.0,200066.9845,451406.737,,,,,,,
3010000,3010000-102-2003-00003,폐업,247.47,서울특별시 중구 북창동 134-1번지 (지하1층) ,,,샤롯데2,룸살롱,451009.7108,룸살롱,,,,,,,
3010000,3010000-102-2003-00004,영업/정상,142.08,서울특별시 중구 주교동 43-25번지 지하1층 ,서울특별시 중구 창경궁로8길 24 (주교동, 지하1층),4546,59:59.0,199893.2289,451824.9473,,,,,,,
3010000,3010000-102-2003-00005,영업/정상,105.04,서울특별시 중구 신당동 120-4번지 (지하1층) ,서울특별시 중구 퇴계로 418-1 (신당동,(지하1층)),4577,40:00.0,201533.0274,451450.058,,,,,,,
3010000,3010000-102-2003-00006,폐업,61.6,서울특별시 중구 을지로1가 46-2번지 (1층) ,,,서서울,룸살롱,451581.6009,룸살롱,,,,,,,
3010000,3010000-102-2003-00007,폐업,378.37,서울특별시 중구 북창동 125-0번지 (1층) ,,,폭스,룸살롱,451026.554,룸살롱,,,,,,,
3010000,3010000-102-2003-00008,영업/정상,64.35,서울특별시 중구 수표동 11-3번지 (지하1층) ,서울특별시 중구 을지로11길 29 (수표동,(지하1층)),4543,40:00.0,199111.2743,451713.7062,,,,,,,
3010000,3010000-102-2003-00009,영업/정상,24.78,서울특별시 중구 을지로3가 291-41번지 (2층) ,서울특별시 중구 충무로 52-1 (을지로3가,(2층)),4549,59:59.0,199302.1633,451503.1103,,,,,,,
3010000,3010000-102-2003-00010,영업/정상,76.75,서울특별시 중구 신당동 100-6번지 (2층) ,서울특별시 중구 퇴계로 406-2 (신당동,(2층)),4577,40:00.0,201409.5028,451434.9342,,,,,,,
3010000,3010000-102-2003-00011,폐업,74.48,서울특별시 중구 광희동1가 103-1번지 (2층) ,서울특별시 중구 마른내로 159 (광희동1가,(2층)),4561,59:59.0,200439.1038,451395.6485,,,,,,,
3010000,3010000-102-2003-00012,영업/정상,92,서울특별시 중구 남대문로5가 17-3번지 (지하1층) ,서울특별시 중구 세종대로 22 (남대문로5가,(지하1층)),4527,59:59.0,197663.3679,450691.4042,,,,,,,
3010000,3010000-102-2003-00013,영업/정상,64.95,서울특별시 중구 충무로4가 24-6번지 (지상2층) ,서울특별시 중구 충무로2길 35 (충무로4가,(지상2층)),4556,59:59.0,199499.7762,451127.1666,,,,,,,
3010000,3010000-102-2003-00014,폐업,91.16,서울특별시 중구 을지로3가 95-3번지 (1층) ,서울특별시 중구 을지로13길 15 (을지로3가,(1층)),4543,59:59.0,199206.1094,451648.8557,,,,,,,
3010000,3010000-102-2003-00015,폐업,186.32,서울특별시 중구 태평로2가 69-3번지 ,서울특별시 중구 세종대로 76 (태평로2가),4526,뉴 누들누들,룸살롱,451176.2834,룸살롱,,,,,,,
3010000,3010000-102-2003-00016,폐업,36.4,서울특별시 중구 광희동1가 189-2 지상2층,서울특별시 중구 마른내로 165-1 (광희동1가,지상2층),4561,02:00.0,200505.5608,451371.4501,,,,,,,
3010000,3010000-102-2003-00017,영업/정상,96.96,서울특별시 중구 광희동1가 191 (지하1층),서울특별시 중구 마른내로 167-1 (광희동1가,(지하1층)),4561,08:00.0,200526.2174,451373.8233,,,,,,,
3010000,3010000-102-2003-00018,영업/정상,63.8,서울특별시 중구 오장동 148-18,서울특별시 중구 마른내로 121-1 (오장동),4547,로또노래주점,기타,200068.2636,451379.6005,,,,,,,
3010000,3010000-102-2003-00019,영업/정상,92.22,서울특별시 중구 광희동1가 187-9번지 (지상2층) ,서울특별시 중구 을지로44길 21 (광희동1가,(지상2층)),4561,40:00.0,200512.0053,451422.3573,,,,,,,
3010000,3010000-102-2003-00020,폐업,81.08,서울특별시 중구 수표동 35-16번지 (지상2층) ,서울특별시 중구 수표로 68 (수표동,(지상2층)),4543,40:00.0,199030.8062,451659.587,,,,,,,
3010000,3010000-102-2003-00021,폐업,96.2,서울특별시 중구 을지로5가 273-4번지 (지하1층) ,서울특별시 중구 동호로 359 (을지로5가,(지하1층)),4547,59:59.0,200096.9307,451569.9296,,,,,,,
3010000,3010000-102-2003-00022,영업/정상,75.48,서울특별시 중구 충무로3가 57-5번지 (지하1층) ,서울특별시 중구 수표로2길 29 (충무로3가,(지하1층)),4554,59:59.0,199235.3389,451113.1481,,,,,,,
3010000,3010000-102-2004-00001,폐업,95,서울특별시 중구 을지로6가 23-26번지 (지상2층) ,,,한강주점,룸살롱,451510.4215,룸살롱,,,,,,,
3010000,3010000-102-2004-00002,영업/정상,64.2,서울특별시 중구 충무로3가 25-5 (지상2층) ,서울특별시 중구 마른내로2길 31 (충무로3가,(지상2층)),4555,40:00.0,199181.4978,451200.5821,,,,,,,
3010000,3010000-102-2004-00003,폐업,66.12,서울특별시 중구 을지로2가 88-1번지 (지상2층) ,,,팡팡노래팡,룸살롱,,룸살롱,,,,,,,
3010000,3010000-102-2004-00004,폐업,60,서울특별시 중구 을지로5가 275-6번지 (지상1층) ,서울특별시 중구 동호로 350 (을지로5가,(지상1층)),4561,59:59.0,200168.8391,451476.043,,,,,,,
3010000,3010000-102-2004-00005,영업/정상,73.45,서울특별시 중구 광희동1가 38-1 (지하1층),서울특별시 중구 을지로38길 11 (광희동1가,(지하1층)),4561,01:00.0,200271.3984,451530.9771,,,,,,,
3010000,3010000-102-2004-00006,영업/정상,85.01,서울특별시 중구 흥인동 111 (지하1층) ,서울특별시 중구 다산로 255 (흥인동,(지하1층)),4569,40:00.0,201336.0897,451505.7333,,,,,,,
3010000,3010000-102-2004-00008,폐업,79.59,서울특별시 중구 을지로2가 199-7번지 지상2층 ,서울특별시 중구 명동9길 45 (을지로2가,지상2층),4534,59:59.0,198515.4509,451503.5225,,,,,,,
3010000,3010000-102-2004-00009,폐업,464.36,서울특별시 중구 남학동 13-2번지 (아스토리아호텔2층) ,서울특별시 중구 퇴계로 176 (남학동,(아스토리아호텔2층)),4627,59:59.0,199161.1131,450949.2339,,,,,,,
3010000,3010000-102-2004-00010,폐업,109.12,서울특별시 중구 충무로4가 32-16번지 (지하1층) ,,,스캔들,룸살롱,451137.8958,룸살롱,,,,,,,
3010000,3010000-102-2004-00011,영업/정상,70.08,서울특별시 중구 충무로3가 35-3번지 외 1필지 (지상2층) ,서울특별시 중구 충무로2길 6 (충무로3가,외 1필지 (지상2층)),4557,59:59.0,199352.4325,451134.7014,,,,,,,
3010000,3010000-102-2004-00012,폐업,144.71,서울특별시 중구 신당동 247-16번지 지하1층 ,,,북창동미인클럽,룸살롱,451400.4684,룸살롱,,,,,,,
3010000,3010000-102-2004-00013,영업/정상,188.19,서울특별시 중구 북창동 82 (지하1층) ,서울특별시 중구 세종대로14길 26 (북창동,(지하1층)),4526,40:00.0,197996.1588,451158.7589,,,,,,,
3010000,3010000-102-2004-00014,영업/정상,88.94,서울특별시 중구 서소문동 90번지 외3필지(지하1층) ,서울특별시 중구 서소문로 130 (서소문동,외3필지(지하1층)),4514,40:00.0,197772.4785,451236.8393,,,,,,,
3010000,3010000-102-2004-00015,영업/정상,40.41,서울특별시 중구 충무로4가 131-4번지 외1필지(지상2층) ,서울특별시 중구 충무로2길 36 (충무로4가,외1필지(지상2층)),4557,59:59.0,199498.2614,451106.8432,,,,,,,
3010000,3010000-102-2004-00016,영업/정상,93.6,서울특별시 중구 초동 70-4 (지상3층),서울특별시 중구 마른내로 42 (초동,(지상3층)),4555,06:00.0,199263.8038,451326.7212,,,,,,,
3010000,3010000-102-2004-00017,영업/정상,66.54,서울특별시 중구 광희동1가 278번지 (지상2층) ,서울특별시 중구 동호로34길 28 (광희동1가,(지상2층)),4561,59:59.0,200277.2336,451409.7685,,,,,,,
3010000,3010000-102-2004-00018,영업/정상,57.16,서울특별시 중구 중림동 129-35 (지상2층) ,서울특별시 중구 청파로 425-2 (중림동,(지상2층)),4507,40:00.0,197185.8737,450597.6152,,,,,,,
3010000,3010000-102-2004-00019,폐업,65.05,서울특별시 중구 을지로6가 18-95번지 (지상6층) ,,,y-years(와이이얼스),기타,451718.1285,기타,,,,,,,
3010000,3010000-102-2004-00020,영업/정상,49.59,서울특별시 중구 충무로3가 30-18 지상2층 ,서울특별시 중구 충무로 17-1 (충무로3가,지상2층),4555,40:00.0,199298.82,451178.1399,,,,,,,
3010000,3010000-102-2004-00021,폐업,93.39,서울특별시 중구 명동2가 3-1번지 (지상2층) ,,,엔젤노래주점,기타,198644.4387,451230.3352,,,,,,,
3010000,3010000-102-2005-00001,폐업,123.9,서울특별시 중구 충무로2가 61-1번지 (지상2층) ,,,째즈노래바,룸살롱,198877.7632,451053.9068,,,,,,,
3010000,3010000-102-2005-00002,영업/정상,66.08,서울특별시 중구 황학동 732-0 (지상1,2층),서울특별시 중구 퇴계로 427-3,1,2023-06-07 9:53,201624.7917,451518.8435,,,,,,,
3010000,3010000-102-2005-00003,영업/정상,71.98,서울특별시 중구 남대문로5가 6-10번지 (지상2층) ,서울특별시 중구 세종대로1길 6 (남대문로5가,(지상2층)),4512,59:59.0,197545.467,450663.3209,,,,,,,
3010000,3010000-102-2005-00004,폐업,75.38,서울특별시 중구 광희동1가 188-5번지 (지상2층) ,,,도레미노래밤주점,룸살롱,451381.5228,룸살롱,,,,,,,
3010000,3010000-102-2005-00005,폐업,54.25,서울특별시 중구 을지로2가 199-33번지 (지상8층) ,,,메트로호텔무사이,기타,451427.349,기타,,,,,,,
3010000,3010000-102-2005-00006,폐업,47.42,서울특별시 중구 만리동2가 24-2번지 (지하1층) ,서울특별시 중구 만리재로 175-1 (만리동2가,(지하1층)),,59:59.0,196896.2585,450226.8938,,,,,,,
3010000,3010000-102-2005-00007,영업/정상,98.34,서울특별시 중구 인현동1가 87-18 (지하1층),서울특별시 중구 마른내로 58 (인현동1가,(지하1층)),4556,02:00.0,199419.6437,451319.5517,,,,,,,
3010000,3010000-102-2005-00008,영업/정상,39.67,서울특별시 중구 초동 41-2 2층 ,서울특별시 중구 충무로 32, 2층 (초동),4556,40:00.0,199317.3623,451297.524,,,,,,,
3010000,3010000-102-2005-00009,영업/정상,64.71,서울특별시 중구 충무로4가 28-3번지 (지상1층) ,,,남산,기타,199528.4791,451130.4988,,,,,,,
3010000,3010000-102-2005-00010,영업/정상,52.27,서울특별시 중구 광희동1가 188-4번지 (지하1층) ,서울특별시 중구 마른내로 165 (광희동1가,(지하1층)),4561,59:59.0,200497.2121,451372.1816,,,,,,,
3010000,3010000-102-2005-00011,영업/정상,82,서울특별시 중구 충무로3가 36-4 (지상2층),서울특별시 중구 충무로2길 2 (충무로3가,(지상2층)),4557,07:00.0,199342.4446,451137.088,,,,,,,
3010000,3010000-102-2005-00012,영업/정상,92.53,서울특별시 중구 충무로4가 133-1 (지상2층) ,서울특별시 중구 충무로2길 34 (충무로4가,(지상2층)),4557,40:00.0,199482.561,451107.3638,,,,,,,
3010000,3010000-102-2005-00013,영업/정상,88.17,서울특별시 중구 충무로3가 24-5 지상2층,서울특별시 중구 수표로 22-14, 2층 (충무로3가),4555,01:00.0,199143.472,451193.9909,,,,,,,
3010000,3010000-102-2005-00014,영업/정상,93.08,서울특별시 중구 광희동1가 164번지 (지상2층) ,서울특별시 중구 을지로44길 28 (광희동1가,(지상2층)),4561,59:59.0,200477.8517,451407.8947,,,,,,,
3010000,3010000-102-2005-00015,영업/정상,47.01,서울특별시 중구 충무로3가 34-8번지 (지상2층) ,서울특별시 중구 충무로2길 1 (충무로3가,(지상2층)),4556,59:59.0,199341.1371,451158.1556,,,,,,,
3010000,3010000-102-2005-00016,폐업,58.28,서울특별시 중구 남대문로5가 14-3번지 (지상3층) ,서울특별시 중구 세종대로2가길 19 (남대문로5가,(지상3층)),,59:59.0,197692.1308,450645.3758,,,,,,,
3010000,3010000-102-2005-00017,폐업,71.23,서울특별시 중구 을지로3가 320-12번지 (지하1층) ,,,팡팡노래마을주점,기타,451462.4385,기타,,,,,,,
3010000,3010000-102-2005-00018,영업/정상,86.2,서울특별시 중구 충무로3가 24-6번지 (지상2층) ,서울특별시 중구 퇴계로27길 45 (충무로3가,(지상2층)),4555,59:59.0,199150.0794,451207.9911,,,,,,,
3010000,3010000-102-2006-00001,폐업,65.2,서울특별시 중구 충무로4가 5-1 (지상1층) ,서울특별시 중구 충무로2길 7 (충무로4가,(지상1층)),4556,40:00.0,199365.0657,451159.5556,,,,,,,
3010000,3010000-102-2006-00002,폐업,55.4,서울특별시 중구 충무로4가 5-1 (지상2층) ,서울특별시 중구 충무로2길 7 (충무로4가,(지상2층)),4556,40:00.0,199365.0657,451159.5556,,,,,,,
3010000,3010000-102-2006-00003,폐업,96.87,서울특별시 중구 을지로6가 18-40번지 (지상3층) ,서울특별시 중구 장충단로 249-24 (을지로6가,(지상3층)),4564,59:59.0,200607.3491,451684.6286,,,,,,,
3010000,3010000-102-2006-00004,폐업,98.45,서울특별시 중구 다동 188-0번지 (지상2층) ,,,아리조나노래광장주점,기타,,기타,,,,,,,
3010000,3010000-102-2006-00005,영업/정상,96.36,서울특별시 중구 광희동1가 98-0 (지하1층),서울특별시 중구 마른내로 155-1 (광희동1가,(지하1층)),4561,04:00.0,200411.5221,451397.5414,,,,,,,
3010000,3010000-102-2006-00006,영업/정상,97.02,서울특별시 중구 광희동1가 182-28 (지상2층),서울특별시 중구 을지로44길 17-5 (광희동1가,(지상2층)),4561,06:00.0,200527.8613,451446.0759,,,,,,,
3010000,3010000-102-2006-00007,폐업,96.36,서울특별시 중구 을지로2가 199-7번지 (3층) ,서울특별시 중구 명동9길 45 (을지로2가,(3층)),4534,40:00.0,198515.4509,451503.5225,,,,,,,
3010000,3010000-102-2006-00008,폐업,97.79,서울특별시 중구 을지로6가 18-71번지 (지하1층) ,,,모드니,기타,451623.1515,기타,,,,,,,
3010000,3010000-102-2006-00009,영업/정상,98.7,서울특별시 중구 광희동1가 142 (지상3층) ,서울특별시 중구 을지로44길 10 (광희동1가,(지상3층)),4561,40:00.0,200498.4975,451494.7068,,,,,,,
3010000,3010000-102-2006-00010,영업/정상,59.09,서울특별시 중구 오장동 206-35번지 (지상2층) ,서울특별시 중구 마른내로 126 (오장동,(지상2층)),4559,40:00.0,200094.2913,451350.1514,,,,,,,
3010000,3010000-102-2006-00011,영업/정상,95.71,서울특별시 중구 회현동1가 92-6번지 (지하1층) ,서울특별시 중구 퇴계로8길 13 (회현동1가,(지하1층)),4634,59:59.0,198164.2584,450703.5993,,,,,,,
3010000,3010000-102-2006-00012,영업/정상,95.07,서울특별시 중구 서소문동 84번지 (지하1층) ,서울특별시 중구 서소문로 128-4 (서소문동,(지하1층)),4514,59:59.0,197753.2396,451224.787,,,,,,,
3010000,3010000-102-2006-00013,폐업,93.34,서울특별시 중구 을지로1가 42 (지하1층) ,서울특별시 중구 남대문로9길 39 (을지로1가,(지하1층)),4523,40:00.0,198185.7683,451601.0637,,,,,,,
3010000,3010000-102-2006-00014,폐업,99,서울특별시 중구 주교동 24-1번지 외 6필지(지상2층) ,서울특별시 중구 청계천로 208 (주교동, 외 6필지(지상2층)),4546,59:59.0,199994.1483,451871.6585,,,,,,,
3010000,3010000-102-2006-00015,영업/정상,94.84,서울특별시 중구 인현동2가 100번지 (지상2층) ,서울특별시 중구 마른내로 68 (인현동2가,(지상2층)),4556,59:59.0,199523.3489,451311.7359,,,,,,,
3010000,3010000-102-2007-00001,영업/정상,64.99,서울특별시 중구 을지로6가 18-52 (지하1층),서울특별시 중구 을지로43길 15 (을지로6가,(지하1층)),4564,06:00.0,200535.6133,451633.5052,,,,,,,
3010000,3010000-102-2007-00002,폐업,63.67,서울특별시 중구 장교동 22-17번지 (지상3층) ,,,놀아바주점,기타,,,,,,,,,
3010000,3010000-102-2007-00003,폐업,275.6,서울특별시 중구 을지로5가 133-1번지 2층 ,서울특별시 중구 을지로38길 20 (을지로5가, 2층),4561,36:09.0,기타,200225.9831,,,,,,,
3010000,3010000-102-2007-00004,폐업,45.3,서울특별시 중구 을지로2가 88-1번지 ,,,주몽노래밤주점,기타,,,,,,,,,
3010000,3010000-102-2007-00005,영업/정상,94.76,서울특별시 중구 남대문로5가 84-4번지 외 3필지(84-1,Feb-84,84-3) ,서울특별시 중구 세종대로 10 (남대문로5가,4527,197587.0789,450597.2482,94.76,,,,,,
3010000,3010000-102-2007-00006,영업/정상,42,서울특별시 중구 충무로4가 15-18번지 외1필지(15-20) (3층) ,,,브이아이피(VIP),룸살롱,199447.9514,451139.1191,,,,,,,
3010000,3010000-102-2007-00007,영업/정상,95,서울특별시 중구 충무로4가 25번지 외1필지 (2층) ,서울특별시 중구 충무로2길 37 (충무로4가,외1필지 (2층)),4556,59:59.0,199511.558,451125.3835,,,,,,,
3010000,3010000-102-2007-00008,영업/정상,61.42,서울특별시 중구 충무로4가 25번지 외1필지 (3층) ,서울특별시 중구 충무로2길 37 (충무로4가,외1필지 (3층)),4556,59:59.0,199511.558,451125.3835,,,,,,,
3010000,3010000-102-2007-00009,폐업,65.98,서울특별시 중구 북창동 71-1번지 (지하1층) ,서울특별시 중구 남대문로1길 26-5 (북창동,(지하1층)),4526,59:59.0,197961.6599,451119.7087,,,,,,,
3010000,3010000-102-2007-00010,영업/정상,96.52,서울특별시 중구 인현동2가 192-17 외2필지(지하1층) ,서울특별시 중구 퇴계로41길 47 (인현동2가,외2필지(지하1층)),4556,40:00.0,199524.5309,451295.7295,,,,,,,
3010000,3010000-102-2007-00011,영업/정상,94.78,서울특별시 중구 충무로4가 134-2번지 (지상2층) ,,,디바1004,룸살롱,199466.3178,451108.7132,,,,,,,
3010000,3010000-102-2007-00012,영업/정상,64.73,서울특별시 중구 초동 53-22 (지상2층),서울특별시 중구 마른내로2길 27 (초동,(지상2층)),4555,06:00.0,199198.6497,451216.4226,,,,,,,
3010000,3010000-102-2007-00013,영업/정상,94.68,서울특별시 중구 무교동 12-1번지 ,서울특별시 중구 무교로 24 (무교동),4521,보물섬,룸살롱,198117.5253,451757.6239,,,,,,,
3010000,3010000-102-2008-00001,영업/정상,93.45,서울특별시 중구 충무로3가 56-1 (지상3층) ,서울특별시 중구 수표로6길 32 (충무로3가,(지상3층)),4554,40:00.0,199229.9205,451163.7958,,,,,,,
3010000,3010000-102-2008-00002,영업/정상,90.37,서울특별시 중구 광희동1가 194-1번지 지하1층 ,서울특별시 중구 장충단로 221 (광희동1가,지하1층),4561,40:00.0,200544.6107,451376.8531,,,,,,,
3010000,3010000-102-2008-00003,영업/정상,88.54,서울특별시 중구 을지로3가 295-4 양지빌딩 ,서울특별시 중구 충무로7길 6, 양지빌딩 지하 1층 (을지로3가),4550,40:00.0,199243.7197,451518.1977,,,,,,,
3010000,3010000-102-2008-00004,폐업,144.72,서울특별시 중구 충무로3가 57-24번지 (지상3층) ,,,오렌지노래클럽,룸살롱,451112.8236,룸살롱,,,,,,,
3010000,3010000-102-2008-00005,폐업,51.2,서울특별시 중구 명동1가 45-1번지 지상3층 ,서울특별시 중구 명동7길 18 (명동1가,지상3층),4534,40:00.0,198556.1416,451362.7705,,,,,,,
3010000,3010000-102-2008-00006,폐업,344.3,서울특별시 중구 회현동1가 199-6번지 지상5층 ,,,모딕,룸살롱,450944.4452,룸살롱,,,,,,,
3010000,3010000-102-2008-00007,영업/정상,94.89,서울특별시 중구 광희동1가 182-20번지 지하1층 ,서울특별시 중구 장충단로 229-9 (광희동1가,지하1층),4561,59:59.0,200538.2033,451456.4171,,,,,,,
3010000,3010000-102-2008-00008,폐업,94,서울특별시 중구 광희동1가 263-2번지 외2필지 지하1층 ,서울특별시 중구 마른내로 150 (광희동1가,외2필지 지하1층),4560,59:59.0,200330.9741,451373.1594,,,,,,,
3010000,3010000-102-2008-00009,폐업,97.5,서울특별시 중구 저동2가 48-20번지 지하1층 ,서울특별시 중구 수표로 22-21 (저동2가,지하1층),4555,59:59.0,199144.2323,451225.7676,,,,,,,
3010000,3010000-102-2008-00010,영업/정상,89.16,서울특별시 중구 초동 62번지 지상2층 ,서울특별시 중구 마른내로2길 10 (초동,지상2층),4555,36:00.0,199245.0206,451300.4269,,,,,,,
3010000,3010000-102-2008-00011,영업/정상,89.78,서울특별시 중구 충무로3가 25-12 ,서울특별시 중구 수표로6길 25, 2층 (충무로3가, 남정빌딩),U,199205.2541,451196.6405,,,,,,,
3010000,3010000-102-2008-00012,영업/정상,77.59,서울특별시 중구 북창동 99-3번지 지상2,3층 ,서울특별시 중구 남대문로1길 22 (북창동,지상2,2020-05-11 17:58,197947.6512,451086.9598,,,,,,,
3010000,3010000-102-2009-00001,영업/정상,83,서울특별시 중구 남대문로5가 84-20번지 지상2층 ,서울특별시 중구 세종대로2길 6 (남대문로5가,지상2층),4527,59:59.0,197597.0473,450595.1168,,,,,,,
3010000,3010000-102-2009-00002,폐업,83,서울특별시 중구 남대문로5가 84-20번지 지상1층 ,서울특별시 중구 세종대로2길 6 (남대문로5가,지상1층),4527,59:59.0,197597.0473,450595.1168,,,,,,,
3010000,3010000-102-2009-00003,영업/정상,39.67,서울특별시 중구 초동 40-4 지상2층,서울특별시 중구 충무로 26-1 (초동,지상2층),4556,02:00.0,199325.0134,451250.997,,,,,,,
3010000,3010000-102-2009-00004,영업/정상,99,서울특별시 중구 황학동 738 지하1층 ,서울특별시 중구 퇴계로 425-1 (황학동, 지하1층),4576,40:00.0,201601.7862,451508.7369,,,,,,,
3010000,3010000-102-2009-00005,영업/정상,76.71,서울특별시 중구 황학동 703-1 (지층1),서울특별시 중구 퇴계로 439-6 (황학동,(지층1)),4576,09:00.0,201762.7658,451528.7024,,,,,,,
3010000,3010000-102-2009-00006,폐업,177.04,서울특별시 중구 을지로6가 18-21번지 굿모닝시티 8층 ,,,뮤직박스,룸살롱,451621.0365,룸살롱,,,,,,,
3010000,3010000-102-2009-00007,폐업,348,서울특별시 중구 을지로6가 18-130번지 (지상8층) ,서울특별시 중구 을지로 255 (을지로6가,(지상8층)),4564,59:59.0,200513.5245,451579.0998,,,,,,,
3010000,3010000-102-2009-00008,폐업,348,서울특별시 중구 을지로6가 18-130번지 (지상9층) ,서울특별시 중구 을지로 255 (을지로6가,(지상9층)),4564,59:59.0,200513.5245,451579.0998,,,,,,,
3010000,3010000-102-2009-00009,폐업,84.48,서울특별시 중구 다동 92번지 지하2층 ,서울특별시 중구 다동길 46 (다동,지하2층),4522,59:59.0,198345.0222,451737.6934,,,,,,,
3010000,3010000-102-2009-00010,영업/정상,62,서울특별시 중구 황학동 732 2층 ,서울특별시 중구 퇴계로 427-2, 2층 (황학동),4576,40:00.0,201624.7917,451518.8435,,,,,,,
3010000,3010000-102-2009-00011,폐업,109.12,서울특별시 중구 충무로4가 32-16번지 지하1층 ,,,스캔들,간이주점,451137.8958,간이주점,,,,,,,
3010000,3010000-102-2010-00001,폐업,144.13,서울특별시 중구 충무로2가 62-9번지 지하2층 ,,,아이앤유,기타,451003.687,기타,,,,,,,
3010000,3010000-102-2010-00002,폐업,378.16,서울특별시 중구 회현동3가 10번지 (지상1층) ,서울특별시 중구 퇴계로14길 1 (회현동3가,(지상1층)),4631,59:59.0,198491.235,450895.8551,,,,,,,
3010000,3010000-102-2010-00003,영업/정상,99.1,서울특별시 중구 을지로1가 37-0번지 지하1층 ,서울특별시 중구 을지로1길 15 (을지로1가,지하1층),4523,59:59.0,198139.29,451612.4388,,,,,,,
3010000,3010000-102-2010-00004,영업/정상,85.15,서울특별시 중구 을지로1가 37-0번지 지하2층 ,서울특별시 중구 을지로1길 15 (을지로1가,지하2층),4523,59:59.0,198139.29,451612.4388,,,,,,,
3010000,3010000-102-2010-00005,폐업,83,서울특별시 중구 남대문로5가 84-20번지 (지상3층) ,서울특별시 중구 세종대로2길 6 (남대문로5가,(지상3층)),4527,40:00.0,기타,197597.0473,,,,,,,
3010000,3010000-102-2010-00006,폐업,71.93,서울특별시 중구 태평로2가 69-20번지 (지상2층) ,,,닉스룸,기타,197897.7395,451169.3166,,,,,,,
3010000,3010000-102-2010-00007,폐업,85.03,서울특별시 중구 광희동1가 188-5 (지상2층) ,서울특별시 중구 을지로44길 31 (광희동1가,(지상2층)),4561,40:00.0,기타,200501.0811,,,,,,,
3010000,3010000-102-2010-00008,영업/정상,92.89,서울특별시 중구 남대문로5가 84-1번지 2호,3호(지상4층) ,서울특별시 중구 세종대로 10-2 (남대문로5가,2호,2017-06-22 10:17,197593.6893,450607.5048,,,,,,,
3010000,3010000-102-2010-00009,영업/정상,73.79,서울특별시 중구 초동 19-2번지 2층 ,서울특별시 중구 충무로 39, 2층 (초동),4550,59:59.0,199279.1736,451377.7895,,,,,,,
3010000,3010000-102-2010-00010,영업/정상,95.01,서울특별시 중구 무교동 21-3 지하1층 ,서울특별시 중구 무교로 12 (무교동,지하1층),4522,40:00.0,198109.6173,451640.774,,,,,,,
3010000,3010000-102-2010-00011,폐업,98,서울특별시 중구 인현동1가 102-5번지 지하1층 ,서울특별시 중구 마른내로 50-1 (인현동1가,지하1층),4556,59:59.0,199345.5379,451328.8886,,,,,,,
3010000,3010000-102-2010-00012,영업/정상,99,서울특별시 중구 충무로4가 32-16 (지하1층) ,서울특별시 중구 창경궁로1길 38 (충무로4가,(지하1층)),4558,40:00.0,199606.1113,451137.8958,,,,,,,
3010000,3010000-102-2011-00001,폐업,90.69,서울특별시 중구 북창동 71-2번지 외3필지(지상3층) ,서울특별시 중구 남대문로1길 30 (북창동,외3필지(지상3층)),4526,59:59.0,룸살롱,197945.5493,,,,,,,
3010000,3010000-102-2011-00002,영업/정상,100.89,서울특별시 중구 초동 70-8 ,서울특별시 중구 마른내로2길 6 (초동),4555,Seven 노래빠,기타,199257.1139,451318.6552,,,,,,,
3010000,3010000-102-2011-00003,영업/정상,90,서울특별시 중구 남대문로5가 63-9 지하1층 ,서울특별시 중구 세종대로 3-1 (남대문로5가,지하1층),4512,40:00.0,197497.2271,450603.6043,,,,,,,
3010000,3010000-102-2011-00004,폐업,155.74,서울특별시 중구 충무로3가 57-24번지 2층 ,서울특별시 중구 수표로2길 23, 2층 (충무로3가),4554,59:59.0,199210.0831,451112.8236,,,,,,,
3010000,3010000-102-2011-00005,영업/정상,42.2,서울특별시 중구 충무로3가 25-2 지하1층 ,서울특별시 중구 수표로6길 25-1 (충무로3가,지하1층),4555,40:00.0,199216.2606,451202.9019,,,,,,,
3010000,3010000-102-2011-00006,폐업,98.35,서울특별시 중구 을지로6가 23 타임케슬 오피스텔 B102호,서울특별시 중구 을지로 254 (을지로6가, 타임캐슬 오피스텔 B102호),4561,06:00.0,200488.7712,451524.8783,,,,,,,
3010000,3010000-102-2011-00007,영업/정상,98.66,서울특별시 중구 충무로3가 59-11번지 2층 ,서울특별시 중구 수표로2길 5 (충무로3가, 2층),4554,59:59.0,199119.114,451114.4484,,,,,,,
3010000,3010000-102-2012-00001,영업/정상,82.96,서울특별시 중구 충무로3가 33-1 ,서울특별시 중구 충무로 20-1, 지하1층 (충무로3가),4556,40:00.0,199333.5264,451192.1616,,,,,,,
3010000,3010000-102-2012-00002,영업/정상,94.79,서울특별시 중구 초동 53-20번지 지상 3층 ,서울특별시 중구 마른내로2길 25-1 (초동, 지상 3층),4555,59:59.0,199203.7274,451223.1966,,,,,,,
3010000,3010000-102-2012-00003,영업/정상,97.37,서울특별시 중구 초동 107-5번지 지상3층 ,서울특별시 중구 을지로12길 29 (초동),4550,시크릿,룸살롱,199122.2527,451406.2876,,,,,,,
3010000,3010000-102-2012-00004,영업/정상,90.69,서울특별시 중구 북창동 71-2번지 삼영빌딩 3층 ,서울특별시 중구 남대문로1길 30, 북창동동 (북창동, 삼영빌딩 3층),I,197945.5493,451122.4688,,,,,,,
3010000,3010000-102-2012-00005,영업/정상,92.04,서울특별시 중구 광희동1가 182-39 지상2층 ,서울특별시 중구 마른내로 167-42 (광희동1가, 지상2층),4561,40:00.0,200525.4757,451430.6124,,,,,,,
3010000,3010000-102-2012-00006,폐업,275.72,서울특별시 중구 태평로2가 69-3 외1필지(지상1,2,3층) ,서울특별시 중구 세종대로 76 (태평로2가,4526,2022-01-06 9:30,U,275.72,,,,,,
3010000,3010000-102-2013-00001,영업/정상,86.35,서울특별시 중구 충무로3가 59-6 지하1층,서울특별시 중구 수표로2길 15 (충무로3가, 지하1층),4554,07:00.0,199164.3509,451104.739,,,,,,,
3010000,3010000-102-2013-00002,영업/정상,39.6,서울특별시 중구 을지로3가 291-40번지 지상2층 ,서울특별시 중구 충무로 52 (을지로3가, 지상2층),4549,59:59.0,199303.3043,451498.0503,,,,,,,
3010000,3010000-102-2013-00003,폐업,166.28,서울특별시 중구 북창동 134-1번지 지하1층 ,서울특별시 중구 남대문로1길 6 (북창동, 지하1층),4526,59:59.0,197960.9876,451009.7108,,,,,,,
3010000,3010000-102-2014-00001,영업/정상,73.61,서울특별시 중구 충무로3가 51-8 지하1층 ,서울특별시 중구 퇴계로31길 14 (충무로3가, 지하1층),4554,40:00.0,199258.2768,451059.1253,,,,,,,
3010000,3010000-102-2014-00002,영업/정상,523.09,서울특별시 중구 다동 155번지 YG빌딩 지하1층 ,서울특별시 중구 남대문로9길 40 (다동, YG빌딩 지하1층),4522,40:00.0,198193.5344,451650.9558,,,,,,,
3010000,3010000-102-2014-00003,폐업,279.02,서울특별시 중구 을지로1가 32-0번지 2층 ,서울특별시 중구 남대문로9길 51, 2층 (을지로1가),4523,59:59.0,198118.8801,451614.3629,,,,,,,
3010000,3010000-102-2014-00004,폐업,98.5,서울특별시 중구 을지로6가 30-5번지 지상2층 ,서울특별시 중구 을지로 250 (을지로6가, 지상2층),4561,59:59.0,200439.9166,451538.7719,,,,,,,
3010000,3010000-102-2014-00005,영업/정상,74.14,서울특별시 중구 충무로3가 30-19번지 2층 ,서울특별시 중구 충무로 17 (충무로3가, 2층),4555,59:59.0,199301.7995,451171.4689,,,,,,,
3010000,3010000-102-2014-00006,영업/정상,99,서울특별시 중구 충무로3가 25-10 지상2층,서울특별시 중구 수표로6길 27, 2층 (충무로3가),4555,03:00.0,199213.9431,451187.6028,,,,,,,
3010000,3010000-102-2015-00001,영업/정상,78,서울특별시 중구 을지로3가 342-1번지 지상2층 ,서울특별시 중구 을지로 114-3, 2층 (을지로3가),4550,59:59.0,199105.2187,451530.9322,,,,,,,
3010000,3010000-102-2015-00002,영업/정상,36.52,서울특별시 중구 광희동1가 175-2번지 지상3층 ,서울특별시 중구 마른내로 163, 3층 (광희동1가),4561,59:59.0,200477.2503,451376.271,,,,,,,
3010000,3010000-102-2015-00003,영업/정상,92.38,서울특별시 중구 북창동 103-2번지 2층 ,서울특별시 중구 세종대로12길 25 (북창동, 2층),4526,40:00.0,197967.6984,451078.8212,,,,,,,
3010000,3010000-102-2015-00004,영업/정상,52.15,서울특별시 중구 북창동 118 2층,서울특별시 중구 남대문로1길 16 (북창동, 2층),4526,01:00.0,197958.2625,451056.1464,,,,,,,
3010000,3010000-102-2015-00005,폐업,90,서울특별시 중구 북창동 118번지 2층 ,서울특별시 중구 남대문로1길 16 (북창동, 2층),4526,59:59.0,197958.2625,451056.1464,,,,,,,
3010000,3010000-102-2016-00001,영업/정상,87.34,서울특별시 중구 을지로3가 95-4번지 2층 ,서울특별시 중구 충무로9길 12 (을지로3가, 2층),4543,59:59.0,199207.0019,451638.4254,,,,,,,
3010000,3010000-102-2016-00002,영업/정상,80.56,서울특별시 중구 남대문로5가 18-2번지 지하1 ,서울특별시 중구 세종대로2가길 23, 지하1층 (남대문로5가),4527,59:59.0,197704.3304,450666.0782,,,,,,,
3010000,3010000-102-2016-00003,영업/정상,88.8,서울특별시 중구 북창동 20-2번지 2층 ,서울특별시 중구 남대문로1길 25, 2층 (북창동),4526,59:59.0,197922.9157,451101.9005,,,,,,,
3010000,3010000-102-2016-00004,영업/정상,89.32,서울특별시 중구 황학동 740 2층 ,서울특별시 중구 퇴계로 421, 2층 (황학동),4576,40:00.0,201557.1396,451515.1247,,,,,,,
3010000,3010000-102-2017-00001,영업/정상,85.95,서울특별시 중구 충무로3가 56-5 2층,서울특별시 중구 수표로6길 24 (충무로3가, 2층),4554,06:00.0,199192.9453,451165.0011,,,,,,,
3010000,3010000-102-2017-00002,영업/정상,98.64,서울특별시 중구 초동 17-2번지 태창빌딩 ,서울특별시 중구 충무로4길 5, 태창빌딩 지하1층 (초동),4549,59:59.0,199327.2686,451427.9924,,,,,,,
3010000,3010000-102-2018-00001,영업/정상,51.2,서울특별시 중구 명동1가 45-1번지 ,서울특별시 중구 명동7길 18, 3층 (명동1가),4534,20:08.0,198556.1416,451362.7705,,,,,,,
3010000,3010000-102-2019-00001,폐업,129.32,서울특별시 중구 태평로2가 69-3 청남빌딩 ,서울특별시 중구 세종대로 76, 청남빌딩 4층 (태평로2가),4526,40:00.0,197894.9324,451176.2834,,,,,,,
3010000,3010000-102-2020-00001,폐업,81.08,서울특별시 중구 수표동 35-16 ,서울특별시 중구 수표로 68, 2층 (수표동),4543,40:00.0,199030.8062,451659.587,,,,,,,
3010000,3010000-102-2020-00002,영업/정상,83.7,서울특별시 중구 황학동 371-38 신라여관 ,서울특별시 중구 퇴계로83길 12-16, 2층 (황학동),4576,23:16.0,201596.0808,451564.7778,,,,,,,
3010000,3010000-102-2021-00001,영업/정상,85.95,서울특별시 중구 충무로3가 28-2 ,서울특별시 중구 수표로6길 37-1, 2층 (충무로3가),4555,23:03.0,199268.7785,451180.5365,,,,,,,
3010000,3010000-102-2022-00001,영업/정상,389.88,서울특별시 중구 북창동 122,서울특별시 중구 남대문로1길 8-1, 지하1-2층 (북창동),4526,05:00.0,197959.8106,451024.3296,,,,,,,
3010000,3010000-102-2022-00002,영업/정상,391.17,서울특별시 중구 충무로4가 125-3 일흥빌딩,서울특별시 중구 퇴계로 213, 일흥빌딩 지하1층 (충무로4가),4557,06:00.0,199532.0845,451067.1947,,,,,,,
3010000,3010000-102-2022-00003,영업/정상,98.35,서울특별시 중구 을지로6가 23,서울특별시 중구 을지로 254, 지하1층 B102호 (을지로6가),4561,03:00.0,200488.7712,451524.8783,,,,,,,
3010000,3010000-102-2022-00005,영업/정상,193.75,서울특별시 중구 광희동1가 145-2,서울특별시 중구 을지로44길 18-4, 동대문디플레이스 지하2층 (광희동1가),4561,00:00.0,200488.5942,451461.8204,,,,,,,
