개방자치단체코드,관리번호,영업상태명,소재지면적,소재지우편번호,지번주소,도로명주소,도로명우편번호,사업장명,좌표정보(X),좌표정보(Y)
3010000,3010000-103-1976-02299,폐업,256.18,100864,서울특별시 중구 태평로2가 23-0번지 ,,,갤러리바,197979.0212,451376.7834
3010000,3010000-103-1976-02314,폐업,113.88,100070,서울특별시 중구 소공동 87-1번지 ,,,나인스게이트칵텔바,198172.1511,451350.9692
3010000,3010000-103-1979-02001,폐업,38.6,100880,서울특별시 중구 흥인동 112-34번지 ,,,목마,,
3010000,3010000-103-1980-02315,폐업,20.62,100021,서울특별시 중구 명동1가 6-0번지 ,,,로얄호텔 양주점빠,,
3010000,3010000-103-1987-02266,폐업,56.38,100282,서울특별시 중구 인현동2가 73-1번지 ,,,연가단란주점,199550.5063,451392.2197
3010000,3010000-103-1993-02335,폐업,82.84,100819,서울특별시 중구 신당동 110-7번지 ,,,명승지,201493.8175,451443.4825
3010000,3010000-103-1993-02336,영업/정상,43.38,100195,서울특별시 중구 을지로5가 274-1번지 274-20 ,서울특별시 중구 동호로35길 5 (을지로5가,274-20),4547,200110.3353,451549.0544
3010000,3010000-103-1993-02337,폐업,35.66,100080,서울특별시 중구 북창동 123-0번지 ,,,걸어서하늘까지,197952.6918,451017.5055
3010000,3010000-103-1993-02338,폐업,124.94,100861,서울특별시 중구 충무로2가 49-6번지 ,,,바나실,199062.6894,451135.4237
3010000,3010000-103-1993-02339,폐업,52.51,100858,서울특별시 중구 중림동 69-8번지 ,,,한마당,197192.8104,450712.2255
3010000,3010000-103-1993-02340,폐업,67.2,100834,서울특별시 중구 신당동 421-5번지 ,,,아마죤,200795.4462,450465.952
3010000,3010000-103-1993-02341,폐업,118.8,100834,서울특별시 중구 신당동 421-4번지 ,,,자유인,200787.9812,450482.3071
3010000,3010000-103-1993-02342,폐업,64.73,100819,서울특별시 중구 신당동 141-2번지 ,,,송림,201706.1892,451418.1363
3010000,3010000-103-1993-02343,폐업,86.3,100846,서울특별시 중구 을지로3가 296-11번지 ,,,크로바,199247.5208,451490.6847
3010000,3010000-103-1993-02344,폐업,62.64,100330,서울특별시 중구 주교동 176-2번지 ,,,파레스,199784.7371,451743.1731
3010000,3010000-103-1993-02345,폐업,53.2,100031,서울특별시 중구 저동1가 48-0번지 ,,,모정,198786.5998,451426.8116
3010000,3010000-103-1993-02346,폐업,62.94,100864,서울특별시 중구 태평로2가 68-8번지 ,,,홍콩,197905.6592,451216.395
3010000,3010000-103-1993-02347,폐업,67.52,100800,서울특별시 중구 남대문로5가 17-11번지 ,,,로즈,197670.3053,450685.6518
3010000,3010000-103-1993-02348,폐업,75.39,100870,서울특별시 중구 황학동 1433-0번지 ,,,벌떼,201890.1894,451796.0956
3010000,3010000-103-1993-02349,폐업,58.84,100847,서울특별시 중구 을지로3가 280-1번지 ,,,홍콩단란주점,199366.7776,451545.4944
3010000,3010000-103-1993-02352,폐업,149.78,100420,서울특별시 중구 무학동 54 지하1층,서울특별시 중구 퇴계로74길 21-5 (무학동,지하1층),4611,단란주점,201251.027
3010000,3010000-103-1993-02353,폐업,57.15,100230,서울특별시 중구 수표동 11-3번지 ,,,한마당,199111.2743,451713.7062
3010000,3010000-103-1993-02354,영업/정상,109.28,100819,서울특별시 중구 신당동 131-11 ,서울특별시 중구 다산로44길 48 (신당동),4577,55번지,201659.354,451410.9938
3010000,3010000-103-1993-02355,폐업,90.2,100894,서울특별시 중구 신당동 430-6번지 ,,,은좌,200728.9019,450458.8276
3010000,3010000-103-1993-02357,영업/정상,107.52,100861,서울특별시 중구 충무로2가 65-13번지 ,서울특별시 중구 퇴계로 123 (충무로2가),4536,뮤직인터뷰,198650.9613,450980.8639
3010000,3010000-103-1993-02359,폐업,90.35,100860,서울특별시 중구 충무로2가 12-5번지 ,,,명동타운,198898.282,451082.8393
3010000,3010000-103-1993-02360,폐업,65.9,100834,서울특별시 중구 신당동 381-6번지 ,,,길손,200877.4703,450410.0293
3010000,3010000-103-1993-02361,폐업,70.99,100450,서울특별시 중구 신당동 38-0번지 ,,,동화,201680.6575,450847.4165
3010000,3010000-103-1993-02362,폐업,85.11,100013,서울특별시 중구 충무로3가 57-8번지 ,,,황궁,199189.7862,451121.3423
3010000,3010000-103-1993-02363,영업/정상,122.05,100-819,서울특별시 중구 신당동 120-16,서울특별시 중구 다산로44길 19 (신당동),4577,또또클럽,201523.098,451422.9355
3010000,3010000-103-1993-02364,폐업,107.98,100841,서울특별시 중구 신당동 369-9번지 ,,,노래나라,200835.4762,450258.1392
3010000,3010000-103-1993-02365,폐업,54,100819,서울특별시 중구 신당동 120-26번지 ,,,나이트,201586.2817,451430.9706
3010000,3010000-103-1993-02366,폐업,143.75,100042,서울특별시 중구 남산동2가 1-2번지 ,,,킹명동,198696.041,450925.0014
3010000,3010000-103-1993-02367,폐업,25.79,100848,서울특별시 중구 을지로4가 108번지 ,,,석하,199814.0359,451665.4088
3010000,3010000-103-1993-02368,폐업,91.62,100819,서울특별시 중구 신당동 130-18번지 ,,,유달산,201610.5554,451431.4687
3010000,3010000-103-1993-02369,폐업,81.38,100300,서울특별시 중구 초동 41-1 지하1층 ,서울특별시 중구 마른내로2길 3 (초동, 지하1층),4555,단란주점,199275.3413
3010000,3010000-103-1993-02370,폐업,57.06,100863,서울특별시 중구 충무로4가 24-3번지 ,,,축제,199481.3761,451138.5287
3010000,3010000-103-1993-02371,폐업,45.46,100310,서울특별시 중구 오장동 69-29번지 ,,,쿵다리단란주점,199942.4477,451369.8852
3010000,3010000-103-1993-02372,폐업,52.9,100013,서울특별시 중구 충무로3가 30-19번지 ,,,환희,199301.7995,451171.4689
3010000,3010000-103-1993-02373,폐업,48.85,100080,서울특별시 중구 북창동 134-3번지 ,,,뉴월드,,
3010000,3010000-103-1993-02374,폐업,37.21,100013,서울특별시 중구 충무로3가 25-3번지 ,,,진원,199196.6888,451192.898
3010000,3010000-103-1993-02375,폐업,26.32,100015,서울특별시 중구 충무로5가 20-33번지 ,,,심청,199984.6919,451182.9504
3010000,3010000-103-1993-02376,영업/정상,114.06,100855,서울특별시 중구 장충동2가 186-38번지 ,서울특별시 중구 동호로 288 (장충동2가),4617,일년후(1년후),200206.1757,450882.1867
3010000,3010000-103-1993-02377,폐업,64.61,100032,서울특별시 중구 저동2가 80-5번지 ,,,미녀와야수,199017.6547,451486.9589
3010000,3010000-103-1993-02378,폐업,38.89,100340,서울특별시 중구 산림동 207-1번지 ,,,정단란주점,199521.2008,451751.4241
3010000,3010000-103-1993-02379,영업/정상,86.24,100-819,서울특별시 중구 신당동 142-1 지하1층,서울특별시 중구 다산로44길 66, 지하1층 (신당동),4578,201753.8414,451415.4454
3010000,3010000-103-1993-02380,폐업,76.44,100845,서울특별시 중구 을지로2가 148-4번지 ,,,스위티,,
3010000,3010000-103-1993-02381,폐업,136.64,100855,서울특별시 중구 장충동2가 188-8번지 ,,,란,200360.0899,450863.3339
3010000,3010000-103-1993-02382,폐업,60.25,100011,서울특별시 중구 충무로1가 22-1번지 ,,,가시버시,198508.0945,451068.2984
3010000,3010000-103-1993-02383,폐업,108.89,100195,서울특별시 중구 을지로5가 270-8번지 ,,,사계절,199968.4829,451565.6344
3010000,3010000-103-1993-02384,폐업,41.32,100013,서울특별시 중구 충무로3가 59-10번지 ,,,쥬리아나,199127.5345,451102.6862
3010000,3010000-103-1993-02385,폐업,113.63,100862,서울특별시 중구 충무로4가 132-5번지 ,,,나이스호프,199471.2693,451041.0343
3010000,3010000-103-1993-02386,폐업,94.64,100819,서울특별시 중구 신당동 140-4번지 ,,,블랙로즈,201691.9031,451465.6573
3010000,3010000-103-1993-02387,폐업,90.88,100809,서울특별시 중구 명동2가 33-6번지 ,,,둘이네,198592.8275,451223.6829
3010000,3010000-103-1993-02388,폐업,78.85,100862,서울특별시 중구 충무로4가 133-2번지 ,,,가시버시,199462.0597,451080.135
3010000,3010000-103-1993-02389,영업/정상,142.66,100893,서울특별시 중구 신당동 370-29 ,서울특별시 중구 다산로 146 (신당동),4590,보이스노래짱,200983.447,450479.2989
3010000,3010000-103-1993-02390,폐업,24.9,100300,서울특별시 중구 초동 19-25번지 ,,,보헤미안,199278.0424,451390.724
3010000,3010000-103-1993-02391,영업/정상,116.75,100819,서울특별시 중구 신당동 110-10 ,서울특별시 중구 다산로44길 15 (신당동),4577,나그네,201501.4886,451419.1997
3010000,3010000-103-1993-02392,폐업,41.98,100340,서울특별시 중구 산림동 192-3번지 ,,,늘벗,199585.101,451787.8818
3010000,3010000-103-1993-02393,폐업,51.43,100013,서울특별시 중구 충무로3가 57-5번지 ,,,롯데,199235.3389,451113.1481
3010000,3010000-103-1993-02394,폐업,141.27,100861,서울특별시 중구 충무로2가 62-9번지 ,,,서울멜로리,198814.8844,451003.687
3010000,3010000-103-1993-02395,폐업,81.71,100080,서울특별시 중구 북창동 103-1번지 ,,,가로수,,
3010000,3010000-103-1993-02396,폐업,88,100080,서울특별시 중구 북창동 20-2번지 ,,,클레오파트라,197922.9157,451101.9005
3010000,3010000-103-1993-02397,폐업,101.72,100420,서울특별시 중구 무학동 32-1번지 ,,,탈렌트,201283.3565,451322.2912
3010000,3010000-103-1993-02398,폐업,66.79,100300,서울특별시 중구 초동 55-0번지 ,,,카네기,199236.8027,451256.5542
3010000,3010000-103-1993-02399,폐업,84.66,100814,서울특별시 중구 서소문동 89-0번지 ,,,섹스폰,197770.9203,451225.8832
3010000,3010000-103-1993-02400,폐업,92.25,100869,서울특별시 중구 황학동 685-0번지 ,,,팡팡가요주점,,
3010000,3010000-103-1993-02401,폐업,36.38,100869,서울특별시 중구 황학동 677-0번지 ,,,사랑방,,
3010000,3010000-103-1993-02402,폐업,78.14,100861,서울특별시 중구 충무로2가 61-2번지 ,,,준,198866.5881,451052.3163
3010000,3010000-103-1993-02403,폐업,67.67,100200,서울특별시 중구 삼각동 110-0번지 ,,,어우동,198486.077,451674.9755
3010000,3010000-103-1993-02404,폐업,58.32,100420,서울특별시 중구 무학동 12-1번지 ,서울특별시 중구 다산로39길 1 (무학동),4611,골드노래주점,201309.0723,451306.1954
3010000,3010000-103-1993-02405,폐업,97.83,100420,서울특별시 중구 무학동 33-0번지 ,,,마인주점,201273.5838,451300.0261
3010000,3010000-103-1993-02406,폐업,111.4,100420,서울특별시 중구 무학동 22-0번지 ,,,이반,201287.09,451234.9462
3010000,3010000-103-1993-02407,폐업,146.5,100411,서울특별시 중구 광희동1가 187-5번지 ,,,일번지,200510.2867,451400.5619
3010000,3010000-103-1993-02408,영업/정상,78.97,100300,서울특별시 중구 초동 19-4번지 ,서울특별시 중구 마른내로 41 (초동),4550,일번지,199267.1079,451366.7791
3010000,3010000-103-1993-02409,폐업,80.57,100080,서울특별시 중구 북창동 103-1번지 ,,,코리아나,,
3010000,3010000-103-1993-02410,폐업,132.92,100845,서울특별시 중구 을지로2가 163-5번지 ,,,짚시,198740.4931,451509.1147
3010000,3010000-103-1993-02411,폐업,35.13,100864,서울특별시 중구 태평로2가 69-13번지 ,,,베르샤체주점,197870.7608,451109.4662
3010000,3010000-103-1993-02413,폐업,135.29,100890,서울특별시 중구 신당동 304-483번지 ,,,만남,201084.0746,451091.6229
3010000,3010000-103-1993-02414,폐업,78.8,100411,서울특별시 중구 광희동1가 103-1번지 ,,,혜성,200439.1038,451395.6485
3010000,3010000-103-1993-02415,폐업,102.32,100803,서울특별시 중구 남대문로5가 580-0번지 ,,,초원,197676.7354,450271.3087
3010000,3010000-103-1993-02416,폐업,24,100420,서울특별시 중구 무학동 37-2번지 ,,,장군,201254.2217,451260.4341
3010000,3010000-103-1993-02417,폐업,64.56,100450,서울특별시 중구 신당동 100-2번지 ,,,캐빈,201388.3011,451434.3648
3010000,3010000-103-1993-02418,폐업,62.64,100080,서울특별시 중구 북창동 66-0번지 지하동 1층호,,,초심,197967.2181,451154.2831
3010000,3010000-103-1993-02419,폐업,60.49,100230,서울특별시 중구 수표동 56-3번지 ,서울특별시 중구 수표로 63-1 (수표동),4542,띠아모,199003.096,451625.9364
3010000,3010000-103-1993-02424,폐업,82.08,100080,서울특별시 중구 북창동 66-0번지 ,,,초심,197967.2181,451154.2831
3010000,3010000-103-1993-02425,폐업,51,100180,서울특별시 중구 다동 166-0번지 ,,,카사브랑카,198217.3092,451709.931
3010000,3010000-103-1993-02426,폐업,80.78,100870,서울특별시 중구 황학동 1128-0번지 ,,,낭낭,201965.8954,451801.4466
3010000,3010000-103-1993-02427,폐업,59.48,100013,서울특별시 중구 충무로3가 30-11번지 ,,,한울타리,199295.6682,451211.4141
3010000,3010000-103-1993-02428,영업/정상,61.17,100869,서울특별시 중구 황학동 641-0번지 ,서울특별시 중구 퇴계로87길 32 (황학동),4575,영미단란주점,201797.8723,451628.4699
3010000,3010000-103-1993-02429,폐업,78,100866,서울특별시 중구 필동1가 3-6번지 지하1층 ,,,윙크,199215.9809,451084.357
3010000,3010000-103-1993-02430,폐업,127.82,100094,서울특별시 중구 남대문로4가 17-1번지 ,,,갤러리,197927.0616,451051.9745
3010000,3010000-103-1993-02431,폐업,63.13,100802,서울특별시 중구 남대문로5가 176-0번지 ,,,엠파이어,197777.22,450637.2844
3010000,3010000-103-1993-02432,폐업,47.83,100800,서울특별시 중구 남대문로5가 63-8번지 ,,,초원의집,197491.8498,450601.8394
3010000,3010000-103-1993-02433,폐업,74.12,100800,서울특별시 중구 남대문로5가 63-20번지 ,,,우리,197519.4805,450619.071
3010000,3010000-103-1993-02434,폐업,76.55,100848,서울특별시 중구 을지로4가 156-1번지 ,,,짚시단란주점,199951.0865,451634.4188
3010000,3010000-103-1993-02435,폐업,55.14,100300,서울특별시 중구 초동 19-23번지 ,,,그린엑스,199274.1899,451395.126
3010000,3010000-103-1993-02436,폐업,29.99,100080,서울특별시 중구 북창동 14-5번지 ,,,자희,198019.342,451266.0823
3010000,3010000-103-1994-02236,폐업,53.95,100800,서울특별시 중구 남대문로5가 35-3번지 ,,,한울,197712.4117,450711.0577
3010000,3010000-103-1994-02237,폐업,52.7,100300,서울특별시 중구 초동 158-5번지 ,,,향원,199166.2324,451237.7377
3010000,3010000-103-1994-02238,폐업,66.33,100871,서울특별시 중구 황학동 2487-0번지 ,,,대명영상가요,201962.7654,451473.158
3010000,3010000-103-1994-02248,폐업,46.24,100080,서울특별시 중구 북창동 17-3번지 ,,,발리,197978.6204,451212.335
3010000,3010000-103-1994-02250,폐업,84.07,100800,서울특별시 중구 남대문로5가 19-4번지 지하1층 ,,,체어맨,197671.9552,450714.5172
3010000,3010000-103-1994-02251,폐업,24.34,100411,서울특별시 중구 광희동1가 186-1번지 ,,,마이너리그,200568.2134,451421.8347
3010000,3010000-103-1994-02252,폐업,80.3,100859,서울특별시 중구 중림동 398-6,서울특별시 중구 서소문로 12 (중림동),4503,소양강,196691.2699,450743.6754
3010000,3010000-103-1994-02253,영업/정상,52.26,100859,서울특별시 중구 중림동 398-6번지 ,서울특별시 중구 서소문로 12 (중림동),4503,마당쇠,196691.2699,450743.6754
3010000,3010000-103-1994-02254,폐업,147.91,100080,서울특별시 중구 북창동 20-1번지 ,,,프레지던트,197920.237,451125.6269
3010000,3010000-103-1994-02255,폐업,75,100863,서울특별시 중구 충무로4가 32-16번지 ,,,예전단란주점,199606.1113,451137.8958
3010000,3010000-103-1994-02256,폐업,139.11,100859,서울특별시 중구 중림동 398-7 지하1층,서울특별시 중구 서소문로 12-1 (중림동,지하1층),4503,단란주점,196700.1142
3010000,3010000-103-1994-02258,폐업,73,100015,서울특별시 중구 충무로5가 19-7번지 ,,,별천지,199815.7636,451141.6191
3010000,3010000-103-1994-02259,폐업,79.14,100826,서울특별시 중구 신당동 340-128번지 ,,,셀러리맨,201041.0699,450573.5298
3010000,3010000-103-1994-02260,폐업,94.26,100893,서울특별시 중구 신당동 370-46번지 ,,,가는길오는길,201005.7558,450640.0275
3010000,3010000-103-1994-02261,폐업,58.95,100802,서울특별시 중구 남대문로5가 222-0번지 ,,,팔도달란주점,197700.8033,450597.8109
3010000,3010000-103-1994-02262,폐업,97.84,100800,서울특별시 중구 남대문로5가 6-1번지 ,,,히어로,197557.8268,450718.7485
3010000,3010000-103-1994-02263,폐업,104.64,100851,서울특별시 중구 을지로6가 18-1번지 ,,,모두랑,200799.0892,451885.585
3010000,3010000-103-1994-02264,폐업,52.9,100080,서울특별시 중구 북창동 105-0번지 ,,,블랙화이트,198025.0244,451080.0318
3010000,3010000-103-1994-02265,폐업,77.12,100310,서울특별시 중구 오장동 69-12번지 ,,,그린,199855.3209,451374.9261
3010000,3010000-103-1994-02267,폐업,77.53,100180,서울특별시 중구 다동 157-0번지 ,,,애플,,
3010000,3010000-103-1994-02268,폐업,268.8,100861,서울특별시 중구 충무로2가 61-3 3층 ,서울특별시 중구 퇴계로 145, 3층 (충무로2가),4537,단란주점,198866.3649
3010000,3010000-103-1994-02269,폐업,115.9,100800,서울특별시 중구 남대문로5가 21-1번지 ,,,한마음,197714.6076,450743.3979
3010000,3010000-103-1994-02270,폐업,128.28,100411,서울특별시 중구 광희동1가 182-30번지 ,,,무쏘,200540.4913,451440.6143
3010000,3010000-103-1994-02272,폐업,52.3,100800,서울특별시 중구 남대문로5가 12-7번지 ,,,신바람,197607.5093,450623.7713
3010000,3010000-103-1994-02273,폐업,70.41,100420,서울특별시 중구 무학동 47-2번지 ,,,목마,201245.3752,451380.7262
3010000,3010000-103-1994-02274,폐업,27,100080,서울특별시 중구 북창동 13-3번지 ,,,영시,,
3010000,3010000-103-1994-02275,폐업,36.24,100310,서울특별시 중구 오장동 206-36번지 ,,,길목,,
3010000,3010000-103-1994-02277,폐업,28.88,100015,서울특별시 중구 충무로5가 77-3번지 ,,,음악세계,199759.5278,451053.5173
3010000,3010000-103-1994-02279,폐업,79.55,100411,서울특별시 중구 광희동1가 98-0번지 ,,,광희,200411.5221,451397.5414
3010000,3010000-103-1994-02280,폐업,140.79,100080,서울특별시 중구 북창동 3-1번지 ,,,크럽멤버스,198040.5797,451264.6511
3010000,3010000-103-1994-02281,폐업,46.25,100053,서울특별시 중구 회현동3가 1-9번지 ,,,사또,198549.3391,450918.5656
3010000,3010000-103-1994-02282,폐업,61.2,100011,서울특별시 중구 충무로1가 22-1번지 ,,,O2(오투),198508.0945,451068.2984
3010000,3010000-103-1994-02283,폐업,145.77,100851,서울특별시 중구 을지로6가 18-21번지 ,,,만남의장소,200573.6413,451621.0365
3010000,3010000-103-1994-02284,폐업,96.7,100411,서울특별시 중구 광희동1가 187-2번지 ,,,오비일번지,200511.77,451411.7254
3010000,3010000-103-1994-02285,폐업,135.25,100828,서울특별시 중구 신당동 361-58번지 ,,,부옹,200816.4236,450218.2187
3010000,3010000-103-1994-02286,폐업,123.07,100868,서울특별시 중구 황학동 119-0번지 ,,,걸어서하늘까지,201640.4901,451801.0772
3010000,3010000-103-1994-02287,폐업,78.74,100862,서울특별시 중구 충무로4가 149-3번지 ,,,명보단란주점,199420.5863,451122.4438
3010000,3010000-103-1994-02288,폐업,87.6,100080,서울특별시 중구 북창동 18-12번지 ,,,뉴욕,197963.3562,451187.6802
3010000,3010000-103-1994-02289,폐업,89.32,100080,서울특별시 중구 북창동 136-0번지 ,,,맨발에서벤츠까지,197959.7815,450999.0984
3010000,3010000-103-1994-02290,폐업,115.61,100013,서울특별시 중구 충무로3가 57-24번지 ,,,맘보,199210.0831,451112.8236
3010000,3010000-103-1994-02291,폐업,46.59,100846,서울특별시 중구 을지로3가 322-1번지 ,,,수향메들리,199136.4276,451487.3009
3010000,3010000-103-1994-02293,폐업,35.38,100080,서울특별시 중구 북창동 123-0번지 ,,,베스트걸,197952.6918,451017.5055
3010000,3010000-103-1994-02294,폐업,53.6,100450,서울특별시 중구 신당동 20-1번지 ,,,민속단란주점,,
3010000,3010000-103-1994-02295,폐업,119.08,100855,서울특별시 중구 장충동2가 186-30번지 ,,,연인,,
3010000,3010000-103-1994-02296,폐업,114.35,100195,서울특별시 중구 을지로5가 273-10번지 ,,,신바람,200076.1914,451573.8624
3010000,3010000-103-1994-02297,폐업,25.8,100858,서울특별시 중구 중림동 129-34번지 ,,,은정,197187.6764,450603.4107
3010000,3010000-103-1994-02298,폐업,109.29,100080,서울특별시 중구 북창동 104-0번지 ,,,사파리,197986.8957,451089.6626
3010000,3010000-103-1994-02300,폐업,62.81,100180,서울특별시 중구 다동 162-1번지 ,,,티엠티,,
3010000,3010000-103-1994-02302,폐업,41.58,100053,서울특별시 중구 회현동3가 10번지 ,서울특별시 중구 퇴계로14길 1 (회현동3가),4631,뉴오리엔탈,198491.235,450895.8551
3010000,3010000-103-1994-02303,폐업,68.26,100080,서울특별시 중구 북창동 67-0번지 ,,,벤츠,197940.657,451160.1579
3010000,3010000-103-1994-02304,영업/정상,126.44,100826,서울특별시 중구 신당동 340-77,서울특별시 중구 다산로 156 (신당동),4590,투썸,201032.7432,450590.3635
3010000,3010000-103-1994-02305,폐업,66.6,100879,서울특별시 중구 흥인동 97-1번지 ,서울특별시 중구 퇴계로 407 (흥인동),4570,쎄리,201421.7214,451479.0415
3010000,3010000-103-1994-02306,폐업,118.8,100842,서울특별시 중구 을지로1가 42-0번지 ,,,에뜨랑제,198185.7683,451601.0637
3010000,3010000-103-1994-02307,폐업,117.92,100819,서울특별시 중구 신당동 120-1번지 ,,,비너스,201519.0389,451449.2864
3010000,3010000-103-1994-02308,폐업,46.8,100861,서울특별시 중구 충무로2가 60-4번지 ,,,그린 단란주점,198930.1915,451058.3307
3010000,3010000-103-1994-02309,폐업,44.28,100080,서울특별시 중구 북창동 94-7번지 ,,,주주클럽,197993.2939,451119.0583
3010000,3010000-103-1994-02310,폐업,92.56,100819,서울특별시 중구 신당동 140-30번지 ,,,영혜,201744.0844,451439.0651
3010000,3010000-103-1994-02311,폐업,146.68,100411,서울특별시 중구 광희동1가 182-21번지 ,,,도이치,200523.2919,451462.6255
3010000,3010000-103-1994-02312,폐업,148.42,100834,서울특별시 중구 신당동 381-8번지 ,,,봉쥬르,200846.8378,450376.3221
3010000,3010000-103-1994-02316,폐업,114.5,100391,서울특별시 중구 장충동1가 7-1번지 ,,,열린세상,200487.6222,451223.1827
3010000,3010000-103-1994-02318,폐업,29.4,100080,서울특별시 중구 북창동 13-3번지 ,,,영영,,
3010000,3010000-103-1994-02319,폐업,149.52,100210,서울특별시 중구 수하동 39-2번지 ,,,상류사회,198552.144,451688.7013
3010000,3010000-103-1994-02320,폐업,61.31,100872,서울특별시 중구 회현동1가 15-11번지 ,,,삼삼구구,,
3010000,3010000-103-1994-02321,폐업,98.33,100808,서울특별시 중구 만리동1가 51-1번지 ,,,호프단란주점,197118.9829,450533.2532
3010000,3010000-103-1994-02323,폐업,38.85,100015,서울특별시 중구 충무로5가 59-1번지 ,,,백궁,,
3010000,3010000-103-1994-02324,영업/정상,137.3,100865,서울특별시 중구 태평로2가 331-0번지 ,서울특별시 중구 서소문로 134-5 (태평로2가),4514,직장인을위한국민노래밤,197811.9519,451240.6395
3010000,3010000-103-1994-02325,폐업,52.17,100070,서울특별시 중구 소공동 112-36번지 ,,,연가,198128.1062,451245.9147
3010000,3010000-103-1994-02326,폐업,129.06,100450,서울특별시 중구 신당동 53-0번지 ,,,신라,,
3010000,3010000-103-1994-02327,폐업,63.58,100824,서울특별시 중구 신당동 292-126번지 ,,,힛트,201249.0883,451153.2343
3010000,3010000-103-1994-02328,폐업,74.56,100272,서울특별시 중구 필동2가 32-11번지 ,,,랑데뷰,199591.3422,451003.3694
3010000,3010000-103-1994-02329,폐업,55.06,100080,서울특별시 중구 북창동 71-1번지 ,,,보스,197961.6599,451119.7087
3010000,3010000-103-1994-02330,폐업,57.3,100874,서울특별시 중구 회현동1가 185-2번지 ,,,예전,198152.6713,450753.4848
3010000,3010000-103-1994-02331,폐업,36.91,100170,서울특별시 중구 무교동 10-2번지 ,,,롱,198134.8793,451776.8235
3010000,3010000-103-1994-02332,폐업,45.55,100272,서울특별시 중구 필동2가 16-13번지 ,,,시네마단란주점,199446.0932,450980.0224
3010000,3010000-103-1994-02333,폐업,33.05,100869,서울특별시 중구 황학동 737-0번지 ,,,오빠(O Bar),201585.646,451516.9947
3010000,3010000-103-1994-02334,폐업,75.36,100031,서울특별시 중구 저동1가 90-6번지 ,,,죠이,,
3010000,3010000-103-1994-02350,폐업,75.42,100871,서울특별시 중구 황학동 2509-0번지 ,,,흥부박,,
3010000,3010000-103-1994-02351,폐업,35.18,100094,서울특별시 중구 남대문로4가 20-14번지 ,,,오아시스,197851.6019,450895.9943
3010000,3010000-103-1994-02356,폐업,110.95,100856,서울특별시 중구 장충동2가 200-1번지 ,,,아랑벗티,200608.4115,450645.3834
3010000,3010000-103-1995-02169,폐업,65.1,100080,서울특별시 중구 북창동 19-3번지 ,,,탈렌트,197913.8058,451155.4175
3010000,3010000-103-1995-02170,영업/정상,105.69,100420,서울특별시 중구 무학동 65번지 지하1층 ,서울특별시 중구 다산로39길 19, 지하1층 (무학동),4611,201238.604,451346.1974
3010000,3010000-103-1995-02171,폐업,48.95,100260,서울특별시 중구 남학동 13-2번지 ,,,아스토리아단란주점,199161.1131,450949.2339
3010000,3010000-103-1995-02172,폐업,96,100021,서울특별시 중구 명동1가 6-3번지 ,,,로얄살루트,198662.0732,451337.2063
3010000,3010000-103-1995-02189,영업/정상,116.18,100855,서울특별시 중구 장충동2가 7-1번지 ,서울특별시 중구 퇴계로56길 51 (장충동2가),4616,수 노래팡팡,200435.424,451035.4662
3010000,3010000-103-1995-02190,폐업,58.37,100013,서울특별시 중구 충무로3가 57-2번지 ,,,팡팡,199218.8676,451130.355
3010000,3010000-103-1995-02191,폐업,127.36,100080,서울특별시 중구 북창동 18-1번지 ,,,팡팡,197963.5267,451212.7996
3010000,3010000-103-1995-02192,폐업,118.03,100080,서울특별시 중구 북창동 118-0번지 ,,,호호단란주점,197958.2625,451056.1464
3010000,3010000-103-1995-02193,폐업,29.06,100863,서울특별시 중구 충무로4가 32-2번지 ,,,샤갈,199603.5406,451144.7901
3010000,3010000-103-1995-02194,폐업,145.8,100180,서울특별시 중구 다동 190-0번지 ,,,하와이,,
3010000,3010000-103-1995-02195,폐업,57.54,100080,서울특별시 중구 북창동 85-0번지 ,,,빠삐용,198013.0793,451164.264
3010000,3010000-103-1995-02196,영업/정상,101.51,100420,서울특별시 중구 무학동 33-0번지 ,서울특별시 중구 퇴계로76길 30 (무학동),4611,짱 7080,201273.5838,451300.0261
3010000,3010000-103-1995-02197,영업/정상,140.58,100080,서울특별시 중구 북창동 10-4번지 삼흥빌딩 지하1층 ,서울특별시 중구 남대문로5길 47, 삼흥빌딩 지하1층 (북창동),4526,198044.6654,451236.6347
3010000,3010000-103-1995-02198,폐업,74.31,100080,서울특별시 중구 북창동 18-7번지 ,,,황제,197960.8865,451200.0399
3010000,3010000-103-1995-02199,폐업,106.64,100080,서울특별시 중구 북창동 20-2번지 ,,,클레오파트라,197922.9157,451101.9005
3010000,3010000-103-1995-02200,폐업,39,100330,서울특별시 중구 주교동 189-1번지 ,,,모두모두,199774.1325,451694.2895
3010000,3010000-103-1995-02201,폐업,39.84,100845,서울특별시 중구 을지로2가 199-58번지 ,,,재즈,198455.495,451360.7956
3010000,3010000-103-1995-02202,영업/정상,47.47,100300,서울특별시 중구 초동 21-12번지 ,서울특별시 중구 을지로14길 28 (초동),4550,안나,199230.8907,451412.7313
3010000,3010000-103-1995-02203,폐업,144.52,100080,서울특별시 중구 북창동 35-0번지 ,,,도심영상가요,197987.6714,451247.2994
3010000,3010000-103-1995-02204,영업/정상,144.38,100021,서울특별시 중구 명동1가 34-1,서울특별시 중구 명동9길 13 (명동1가),4534,앤디,198586.0229,451347.3162
3010000,3010000-103-1995-02206,폐업,42.39,100823,서울특별시 중구 신당동 247-74번지 ,,,로얄투노래주점,201224.5739,451362.9558
3010000,3010000-103-1995-02207,폐업,61.78,100032,서울특별시 중구 저동2가 76-0번지 ,,,영찬단란주점,199024.4695,451432.9999
3010000,3010000-103-1995-02208,폐업,64,100845,서울특별시 중구 을지로2가 148-1번지 ,,,외성,,
3010000,3010000-103-1995-02209,폐업,113.06,100855,서울특별시 중구 장충동2가 4-3번지 ,,,그레이스,200446.2449,451052.0218
3010000,3010000-103-1995-02210,폐업,40.14,100310,서울특별시 중구 오장동 139-5번지 ,,,다사랑,200120.6829,451400.7857
3010000,3010000-103-1995-02211,폐업,61.18,100101,서울특별시 중구 태평로1가 29-1번지 ,,,윙크,198000.9672,451745.0255
3010000,3010000-103-1995-02212,폐업,50.35,100824,서울특별시 중구 신당동 292-72번지 ,,,금강,201273.6944,451207.3199
3010000,3010000-103-1995-02213,폐업,107.52,100310,서울특별시 중구 오장동 148-19번지 ,,,대몽,200067.5577,451391.9313
3010000,3010000-103-1995-02215,영업/정상,53.62,100819,서울특별시 중구 신당동 110-13번지 ,서울특별시 중구 다산로44길 11 (신당동),4577,프라다,201484.2103,451415.9629
3010000,3010000-103-1995-02216,폐업,82.5,100080,서울특별시 중구 북창동 18-9번지 ,,,유고미고,197943.5033,451186.902
3010000,3010000-103-1995-02217,폐업,102.18,100080,서울특별시 중구 북창동 11-6번지 ,서울특별시 중구 세종대로16길 23 (북창동),4526,티파니,198011.4889,451232.7108
3010000,3010000-103-1995-02218,폐업,89.94,100871,서울특별시 중구 황학동 1612-0,서울특별시 중구 난계로17길 3 (황학동),4574,봉봉,201971.7343,451882.531
3010000,3010000-103-1995-02219,폐업,81.67,100013,서울특별시 중구 충무로3가 25-1번지 ,,,3번지,199226.5846,451192.5416
3010000,3010000-103-1995-02220,영업/정상,139.79,100-855,서울특별시 중구 장충동2가 188-8 지하1층,서울특별시 중구 동호로24길 19-21 (장충동2가, 지하1층),4617,200360.0899,450863.3339
3010000,3010000-103-1995-02221,영업/정상,97.04,100858,서울특별시 중구 중림동 128-33번지 ,서울특별시 중구 청파로 433 (중림동),4507,카르멘가요주점,197196.8031,450663.7065
3010000,3010000-103-1995-02222,영업/정상,98.23,100420,서울특별시 중구 무학동 22-0번지 ,서울특별시 중구 다산로 225 (무학동),4611,라이브노래타운,201287.09,451234.9462
3010000,3010000-103-1995-02223,폐업,59.01,100420,서울특별시 중구 무학동 48-0번지 ,,,아우디,201242.3474,451362.9875
3010000,3010000-103-1995-02224,폐업,80.59,100180,서울특별시 중구 다동 114-0번지 ,,,슈퍼맨,198342.2791,451614.0686
3010000,3010000-103-1995-02225,폐업,55.6,100411,서울특별시 중구 광희동1가 187-2번지 ,,,스칼렛,200511.77,451411.7254
3010000,3010000-103-1995-02226,폐업,147.38,100080,서울특별시 중구 북창동 102-1번지 ,,,썬비지니스,197955.7632,451087.9888
3010000,3010000-103-1995-02227,폐업,100.01,100170,서울특별시 중구 무교동 21-3번지 ,,,뉴서울,198109.6173,451640.774
3010000,3010000-103-1995-02228,폐업,78.61,100080,서울특별시 중구 북창동 98-0번지 ,,,나폴레옹,197945.8254,451102.6517
3010000,3010000-103-1995-02229,폐업,148.1,100170,서울특별시 중구 무교동 1-0번지 ,,,뉴힐탑,198126.5019,451827.9732
3010000,3010000-103-1995-02231,폐업,193.67,100411,서울특별시 중구 광희동1가 191-0번지 ,,,순정가요단란주점,200526.2174,451373.8233
3010000,3010000-103-1995-02232,폐업,101.23,100855,서울특별시 중구 장충동2가 187-3번지 지하1층 ,,,필(Feel),200382.1833,450908.3824
3010000,3010000-103-1995-02233,폐업,74.15,100310,서울특별시 중구 오장동 139-8번지 ,,,건배,200096.3491,451381.7035
3010000,3010000-103-1995-02234,폐업,58.4,100860,서울특별시 중구 충무로2가 12-7번지 ,,,투피플,198877.8236,451079.5618
3010000,3010000-103-1995-02235,폐업,67.73,100310,서울특별시 중구 오장동 148-14번지 ,,,거북이,199984.2376,451372.4493
3010000,3010000-103-1995-02239,폐업,90.05,100281,서울특별시 중구 인현동1가 141-2번지 ,,,파라다이스,199336.0093,451201.8239
3010000,3010000-103-1995-02240,폐업,41.25,100161,서울특별시 중구 봉래동1가 88-1번지 ,,,진,197535.5461,450745.8083
3010000,3010000-103-1995-02241,폐업,23.29,100847,서울특별시 중구 을지로3가 291-41번지 ,,,아하,199302.1633,451503.1103
3010000,3010000-103-1995-02242,폐업,83.03,100860,서울특별시 중구 충무로2가 12-10번지 ,,,코스,198854.0678,451076.8717
3010000,3010000-103-1995-02243,폐업,48.26,100080,서울특별시 중구 북창동 19-6번지 ,,,비.엠.더블유,197911.0953,451167.0272
3010000,3010000-103-1995-02244,폐업,23.92,100862,서울특별시 중구 충무로4가 155-1번지 ,,,사랑풍경,199370.823,451114.589
3010000,3010000-103-1995-02245,폐업,57.46,100080,서울특별시 중구 북창동 92-0번지 ,,,나이가라,198039.4201,451159.8618
3010000,3010000-103-1995-02246,폐업,97.19,100841,서울특별시 중구 신당동 369-8번지 ,,,청해진,200825.392,450272.3394
3010000,3010000-103-1995-02247,폐업,112.59,100200,서울특별시 중구 삼각동 113-0번지 ,,,로방,198446.3495,451684.8085
3010000,3010000-103-1995-11601,폐업,120.29,100846,서울특별시 중구 을지로3가 335-2번지 ,,,로즈,199190.8739,451467.8974
3010000,3010000-103-1995-11724,폐업,87.72,100819,서울특별시 중구 신당동 141-11번지 ,,,골드단란주점,201682.8915,451402.7049
3010000,3010000-103-1995-11725,폐업,57.91,100411,서울특별시 중구 광희동1가 216번지 지하1층 ,,,이삭,200437.0002,451335.719
3010000,3010000-103-1996-02096,폐업,146.41,100180,서울특별시 중구 다동 191-0번지 ,,,개선문,,
3010000,3010000-103-1996-02097,폐업,102.52,100411,서울특별시 중구 광희동1가 182-3번지 ,,,우리들단란주점,,
3010000,3010000-103-1996-02098,폐업,71.07,100400,서울특별시 중구 쌍림동 151-9번지 ,,,백마단란,200213.9897,451203.2429
3010000,3010000-103-1996-02099,폐업,68.35,100858,서울특별시 중구 중림동 128-40번지 ,,,호반,197199.9838,450649.1078
3010000,3010000-103-1996-02100,폐업,136.8,100210,서울특별시 중구 수하동 39-2번지 지하1층 ,,,월드컵,198552.144,451688.7013
3010000,3010000-103-1996-02101,폐업,148.54,100851,서울특별시 중구 을지로6가 18-35번지 ,,,사파리,200649.7767,451689.7852
3010000,3010000-103-1996-02102,폐업,115.07,100180,서울특별시 중구 다동 156-0번지 ,,,라(L.A),,
3010000,3010000-103-1996-02111,폐업,100.41,100861,서울특별시 중구 충무로2가 65-13번지 6층 ,,,하드락,198650.9613,450980.8639
3010000,3010000-103-1996-02112,폐업,108.5,100841,서울특별시 중구 신당동 369-22번지 ,,,쏜다노래하는호프주점,200939.6218,450380.4478
3010000,3010000-103-1996-02113,폐업,109.82,100863,서울특별시 중구 충무로4가 22-1번지 ,,,스타단란주점,,
3010000,3010000-103-1996-02114,폐업,54.8,100013,서울특별시 중구 충무로3가 57-5번지 ,,,롯데단란주점,199235.3389,451113.1481
3010000,3010000-103-1996-02115,폐업,101.63,100826,서울특별시 중구 신당동 340-8번지 ,,,청구단란주점,201019.0182,450559.5444
3010000,3010000-103-1996-02116,폐업,66.33,100872,서울특별시 중구 회현동1가 28-13번지 ,,,백야,,
3010000,3010000-103-1996-02117,폐업,101.59,100013,서울특별시 중구 충무로3가 57-8번지 ,17,19,20호 ,I,59:59.0
3010000,3010000-103-1996-02118,폐업,114.49,100094,서울특별시 중구 남대문로4가 17-9번지 ,,,해양,197868.0484,450955.2819
3010000,3010000-103-1996-02119,폐업,203.36,100863,서울특별시 중구 충무로4가 125-3번지 ,,,아시아나,199532.0845,451067.1947
3010000,3010000-103-1996-02120,폐업,90,100814,서울특별시 중구 서소문동 84-0번지 ,,,일번지,197753.2396,451224.787
3010000,3010000-103-1996-02121,폐업,104.07,100195,서울특별시 중구 을지로5가 273-10번지 ,,,프린세스,200076.1914,451573.8624
3010000,3010000-103-1996-02122,폐업,142.56,100170,서울특별시 중구 무교동 45-0번지 ,,,백악관,198055.2101,451729.379
3010000,3010000-103-1996-02123,폐업,108.16,100281,서울특별시 중구 인현동1가 15-15번지 ,,,로얄영상가요,199507.4754,451488.4124
3010000,3010000-103-1996-02124,폐업,38.9,100032,서울특별시 중구 저동2가 19-2번지 ,,,커플,199091.285,451401.7925
3010000,3010000-103-1996-02125,폐업,50.46,100372,서울특별시 중구 만리동2가 111-2,서울특별시 중구 만리재로31가길 5 (만리동2가),,수만단란주점,196871.918,450215.835
3010000,3010000-103-1996-02126,폐업,85.55,100420,서울특별시 중구 무학동 11-2번지 ,,,윈저,201325.3842,451418.2186
3010000,3010000-103-1996-02127,폐업,84.16,100861,서울특별시 중구 충무로2가 62-5번지 ,,,세종노래단란주점,198816.8623,451046.2399
3010000,3010000-103-1996-02128,폐업,129.06,100195,서울특별시 중구 을지로5가 19-29번지 ,,,야전궁,200095.7259,451681.0371
3010000,3010000-103-1996-02129,폐업,100.94,100861,서울특별시 중구 충무로2가 61-3번지 ,,,바롱,198866.3649,451021.051
3010000,3010000-103-1996-02130,폐업,93.95,100281,서울특별시 중구 인현동1가 87-18번지 ,,,다이애나,199419.6437,451319.5517
3010000,3010000-103-1996-02131,폐업,66.52,100101,서울특별시 중구 태평로1가 31-21번지 ,,,쇼걸,,
3010000,3010000-103-1996-02132,폐업,30.76,100869,서울특별시 중구 황학동 619-0번지 ,,,스타,201756.851,451560.771
3010000,3010000-103-1996-02133,폐업,34.2,100196,서울특별시 중구 을지로6가 34-7번지 ,,,아그네스,200422.6787,451522.5173
3010000,3010000-103-1996-02134,폐업,131.66,100845,서울특별시 중구 을지로2가 163-5번지 ,,,짚시,198740.4931,451509.1147
3010000,3010000-103-1996-02135,폐업,80.96,100845,서울특별시 중구 을지로2가 199-22번지 ,,,명동단란주점,198492.431,451486.1248
3010000,3010000-103-1996-02136,폐업,86.41,100080,서울특별시 중구 북창동 88-2번지 ,,,벤취,198014.1664,451134.2483
3010000,3010000-103-1996-02137,폐업,85.5,100864,서울특별시 중구 태평로2가 68-1번지 ,,,월드컵,197905.9006,451235.3738
3010000,3010000-103-1996-02138,폐업,132.04,100080,서울특별시 중구 북창동 75-0번지 ,,,토크쇼,197975.612,451144.3217
3010000,3010000-103-1996-02139,폐업,141.45,100210,서울특별시 중구 수하동 40-2번지 ,,,보물성,198537.6344,451684.5041
3010000,3010000-103-1996-02141,폐업,141.9,100196,서울특별시 중구 을지로6가 23-26번지 ,,,한마음,200505.1071,451510.4215
3010000,3010000-103-1996-02142,폐업,148.99,100080,서울특별시 중구 북창동 94-20번지 ,,,아방궁,198001.2345,451083.4494
3010000,3010000-103-1996-02143,폐업,131.36,100196,서울특별시 중구 을지로6가 21-31번지 ,,,필,200548.0388,451497.6266
3010000,3010000-103-1996-02145,폐업,144.76,100391,서울특별시 중구 장충동1가 59-2번지 ,,,신라,200430.3211,450967.3005
3010000,3010000-103-1996-02147,폐업,74.21,100260,서울특별시 중구 남학동 13-2번지 ,,,위드,199161.1131,450949.2339
3010000,3010000-103-1996-02148,폐업,24,100420,서울특별시 중구 무학동 37-2번지 ,,,타운,201254.2217,451260.4341
3010000,3010000-103-1996-02149,폐업,130.12,100300,서울특별시 중구 초동 21-2번지 ,,,윈저,199226.8476,451398.6012
3010000,3010000-103-1996-02150,폐업,120.46,100800,서울특별시 중구 남대문로5가 6-10번지 ,,,노래타운주점,197545.467,450663.3209
3010000,3010000-103-1996-02151,폐업,50.8,100846,서울특별시 중구 을지로3가 296-2번지 ,,,한아름단란,199269.5279,451465.0422
3010000,3010000-103-1996-02152,폐업,108.55,100800,서울특별시 중구 남대문로5가 12-38번지 ,,,랑데뷰,197646.779,450670.574
3010000,3010000-103-1996-02153,폐업,79.64,100094,서울특별시 중구 남대문로4가 3-13번지 ,,,2002월드컵,197945.3755,450937.1058
3010000,3010000-103-1996-02155,폐업,49.47,100861,서울특별시 중구 충무로2가 50-3번지 ,,,목추김,199055.7048,451096.008
3010000,3010000-103-1996-02156,폐업,114.01,100180,서울특별시 중구 다동 117-0번지 ,,,아테네,198319.0072,451622.5063
3010000,3010000-103-1996-02157,영업/정상,129.26,100834,서울특별시 중구 신당동 374-15번지 ,서울특별시 중구 동호로12길 6 (신당동),4607,콜라보,200873.694,450367.2897
3010000,3010000-103-1996-02158,폐업,59.48,100080,서울특별시 중구 북창동 42-3번지 ,,,우정,197968.205,451266.0076
3010000,3010000-103-1996-02159,폐업,31.18,100846,서울특별시 중구 을지로3가 296-5번지 ,,,피플피플,199258.2057,451436.8334
3010000,3010000-103-1996-02160,폐업,68.74,100866,서울특별시 중구 필동1가 10-6번지 ,,,쥴리아나,199238.8375,451039.7926
3010000,3010000-103-1996-02161,폐업,69.35,100846,서울특별시 중구 을지로3가 320-0번지 ,,,서연단란주점,199158.5929,451485.5034
3010000,3010000-103-1996-02162,폐업,111.38,100826,서울특별시 중구 신당동 340-80번지 ,,,이슈,201009.8801,450540.5592
3010000,3010000-103-1996-02163,폐업,70.14,100845,서울특별시 중구 을지로2가 199-59번지 ,,,씨티노래주점,198455.7317,451374.2574
3010000,3010000-103-1996-02165,폐업,59.22,100195,서울특별시 중구 을지로5가 72-1번지 ,,,월천,200278.5039,451576.3921
3010000,3010000-103-1996-02166,폐업,51.06,100080,서울특별시 중구 북창동 11-6번지 ,,,상록수,198011.4889,451232.7108
3010000,3010000-103-1996-02167,폐업,72.51,100080,서울특별시 중구 북창동 18-7번지 ,서울특별시 중구 세종대로14길 17-5 (북창동),4526,바이킹,197960.8865,451200.0399
3010000,3010000-103-1996-02168,폐업,54.07,100411,서울특별시 중구 광희동1가 188-4번지 ,,,이집트,200497.2121,451372.1816
3010000,3010000-103-1996-02173,폐업,116.58,100809,서울특별시 중구 명동2가 2-8번지 ,,,동경,198671.6278,451253.6425
3010000,3010000-103-1996-02174,폐업,43.68,100013,서울특별시 중구 충무로3가 24-5번지 ,,,삼보,199143.472,451193.9909
3010000,3010000-103-1996-02175,폐업,25.56,100859,서울특별시 중구 중림동 161-0번지 ,,,원점,196811.0046,450819.3072
3010000,3010000-103-1996-02176,폐업,63.24,100871,서울특별시 중구 황학동 2487-0번지 ,,,대명영상가요,201962.7654,451473.158
3010000,3010000-103-1996-02177,폐업,114.2,100846,서울특별시 중구 을지로3가 5-6번지 ,,,비젼,199055.2889,451579.3198
3010000,3010000-103-1996-02178,폐업,67.54,100230,서울특별시 중구 수표동 62-4번지 ,,,귀빈,198984.5044,451729.0974
3010000,3010000-103-1996-02179,폐업,148.49,100842,서울특별시 중구 을지로1가 42-0 ,서울특별시 중구 남대문로9길 39 (을지로1가),4523,시애틀,198185.7683,451601.0637
3010000,3010000-103-1996-02180,폐업,199.59,100802,서울특별시 중구 남대문로5가 395-0번지 ,,,파라오,197762.5015,450337.5806
3010000,3010000-103-1996-02181,폐업,78.16,100450,서울특별시 중구 신당동 100-2번지 ,,,케빈,201388.3011,451434.3648
3010000,3010000-103-1996-02182,영업/정상,107.44,100420,서울특별시 중구 무학동 32-1번지 ,서울특별시 중구 퇴계로76길 24 (무학동),4611,벅시,201283.3565,451322.2912
3010000,3010000-103-1996-02183,폐업,138.4,100281,서울특별시 중구 인현동1가 116-6번지 ,,,더블루,,
3010000,3010000-103-1996-02184,영업/정상,69.76,100862,서울특별시 중구 충무로4가 132-5 ,서울특별시 중구 퇴계로 207 (충무로4가),4557,갤럭시,199471.2693,451041.0343
3010000,3010000-103-1996-02185,폐업,131.97,100080,서울특별시 중구 북창동 93-3번지 ,,,둥지,198063.009,451052.005
3010000,3010000-103-1996-02186,영업/정상,104.56,100824,서울특별시 중구 신당동 292-149 지하1층 ,서울특별시 중구 퇴계로78길 43 (신당동, 지하1층),4585,201386.5987,451237.7157
3010000,3010000-103-1996-02187,영업/정상,78.4,100824,서울특별시 중구 신당동 292-152,서울특별시 중구 다산로38길 11 (신당동),4585,화음열린라이브,201381.5998,451226.0831
3010000,3010000-103-1996-11597,폐업,82.12,100013,서울특별시 중구 충무로3가 25-7번지 ,,,청노루,,
3010000,3010000-103-1996-11598,폐업,104.08,100854,서울특별시 중구 입정동 263-1번지 ,,,칼튼,199134.9175,451720.262
3010000,3010000-103-1996-11600,폐업,67.47,100281,서울특별시 중구 인현동1가 141-2번지 ,,,빠리,199336.0093,451201.8239
3010000,3010000-103-1996-12260,폐업,115.2,100845,서울특별시 중구 을지로2가 199-33번지 ,,,매트로호텔단란주점,198492.8019,451427.349
3010000,3010000-103-1996-13870,폐업,34.2,100013,서울특별시 중구 충무로3가 57-24번지 ,,,바나나,199210.0831,451112.8236
3010000,3010000-103-1996-13871,폐업,59.64,100846,서울특별시 중구 을지로3가 320-12번지 ,,,벤처,199147.2401,451462.4385
3010000,3010000-103-1997-02031,폐업,124.74,100102,서울특별시 중구 태평로2가 361-1번지 ,,,체스,197859.8287,451364.299
3010000,3010000-103-1997-02032,폐업,183.75,100180,서울특별시 중구 다동 97-0번지 ,,,하이크라스,198300.0223,451702.5462
3010000,3010000-103-1997-02033,폐업,64,100845,서울특별시 중구 을지로2가 199-56번지 ,,,얀,198512.3417,451453.2367
3010000,3010000-103-1997-02034,폐업,64.17,100411,서울특별시 중구 광희동1가 293-0번지 ,,,금선,200242.599,451425.2116
3010000,3010000-103-1997-02035,폐업,89.3,100161,서울특별시 중구 봉래동1가 88-3번지 ,,,거성,,
3010000,3010000-103-1997-02036,폐업,85.34,100845,서울특별시 중구 을지로2가 199-56번지 ,,,카네기,198512.3417,451453.2367
3010000,3010000-103-1997-02037,폐업,26.25,100021,서울특별시 중구 명동1가 42-2번지 ,,,하버드,198554.018,451368.0976
3010000,3010000-103-1997-02051,폐업,145.7,100861,서울특별시 중구 충무로2가 65-5번지 ,,,모모,198670.8464,451001.1879
3010000,3010000-103-1997-02052,폐업,63.72,100824,서울특별시 중구 신당동 292-126번지 ,,,금선화,201249.0883,451153.2343
3010000,3010000-103-1997-02053,폐업,79.02,100013,서울특별시 중구 충무로3가 25-12번지 ,,,청노루,199205.2541,451196.6405
3010000,3010000-103-1997-02055,폐업,111.91,100864,서울특별시 중구 태평로2가 69-1번지 ,,,카사블랑카,197904.6111,451181.56
3010000,3010000-103-1997-02056,폐업,136.59,100013,서울특별시 중구 충무로3가 59-11번지 ,,,록희,199119.114,451114.4484
3010000,3010000-103-1997-02057,폐업,80.73,100846,서울특별시 중구 을지로3가 302-15번지 ,,,지지,199183.8349,451487.6491
3010000,3010000-103-1997-02058,폐업,114.15,100849,서울특별시 중구 을지로4가 261-3번지 ,,,스페인,199667.9186,451561.4078
3010000,3010000-103-1997-02059,폐업,202.8,100180,서울특별시 중구 다동 58-1번지 ,,,에쿠우스,198264.7839,451746.9218
3010000,3010000-103-1997-02060,폐업,12.9,100080,서울특별시 중구 북창동 103-1번지 ,,,코리아,,
3010000,3010000-103-1997-02061,폐업,50.64,100080,서울특별시 중구 북창동 18-9번지 ,,,시드니,197943.5033,451186.902
3010000,3010000-103-1997-02062,폐업,80.5,100080,서울특별시 중구 북창동 19-3번지 ,서울특별시 중구 남대문로1길 37 (북창동),4526,에스에스가요,197913.8058,451155.4175
3010000,3010000-103-1997-02063,폐업,96.1,100834,서울특별시 중구 신당동 374-17번지 ,,,이프,200858.1032,450349.1892
3010000,3010000-103-1997-02064,폐업,49.73,100032,서울특별시 중구 저동2가 48-1번지 ,,,해븐BAR,199145.263,451255.6053
3010000,3010000-103-1997-02065,폐업,14.62,100846,서울특별시 중구 을지로3가 5-7번지 ,,,라일락,199034.3367,451570.9685
3010000,3010000-103-1997-02067,폐업,105.96,100420,서울특별시 중구 무학동 41-0번지 ,,,벤츠단란주점,201262.1966,451300.417
3010000,3010000-103-1997-02068,폐업,103.57,100869,서울특별시 중구 황학동 738-0번지 ,,,에버그린,201601.7862,451508.7369
3010000,3010000-103-1997-02069,폐업,292.3,100887,서울특별시 중구 신당동 213-8번지 ,,,OB광장,201040.3526,451852.1426
3010000,3010000-103-1997-02070,폐업,95.95,100080,서울특별시 중구 북창동 63-0번지 ,,,백악관,197963.4802,451166.9203
3010000,3010000-103-1997-02071,폐업,82.26,100080,서울특별시 중구 북창동 17-1번지 ,,,쌈바,197996.3032,451214.9404
3010000,3010000-103-1997-02073,폐업,85.14,100080,서울특별시 중구 북창동 82-0번지 ,,,빅토리안,197996.1588,451158.7589
3010000,3010000-103-1997-02074,폐업,80.64,100300,서울특별시 중구 초동 19-9번지 ,,,폭풍,199247.6529,451416.8542
3010000,3010000-103-1997-02075,폐업,75.58,100411,서울특별시 중구 광희동1가 174-0번지 ,,,곰,200466.695,451383.2242
3010000,3010000-103-1997-02076,폐업,144.86,100180,서울특별시 중구 다동 170-1번지 ,,,위하여,198178.212,451722.2396
3010000,3010000-103-1997-02077,폐업,110.13,100195,서울특별시 중구 을지로5가 79-1번지 ,,,화원노래,200248.4836,451534.2248
3010000,3010000-103-1997-02078,폐업,118.6,100330,서울특별시 중구 주교동 43-25번지 ,,,삼바,199893.2289,451824.9473
3010000,3010000-103-1997-02079,폐업,52.45,100080,서울특별시 중구 북창동 71-1번지 ,,,보스투,197961.6599,451119.7087
3010000,3010000-103-1997-02080,폐업,123.51,100411,서울특별시 중구 광희동1가 142-0번지 ,,,비지니스,200498.4975,451494.7068
3010000,3010000-103-1997-02081,폐업,92.03,100864,서울특별시 중구 태평로2가 69-2번지 ,서울특별시 중구 세종대로 76-1 (태평로2가),4526,블루,197893.8092,451189.6086
3010000,3010000-103-1997-02082,폐업,92.4,100032,서울특별시 중구 저동2가 76-6번지 ,,,월드단란주점,199025.8253,451419.1703
3010000,3010000-103-1997-02083,폐업,57.11,100080,서울특별시 중구 북창동 105-0번지 ,,,블랙화이트,198025.0244,451080.0318
3010000,3010000-103-1997-02084,폐업,40.78,100080,서울특별시 중구 북창동 99-2번지 ,,,카마수트라,197947.5965,451081.9042
3010000,3010000-103-1997-02085,폐업,71.57,100080,서울특별시 중구 북창동 11-5번지 ,,,프리맨,198010.6794,451244.6323
3010000,3010000-103-1997-02086,폐업,84.15,100013,서울특별시 중구 충무로3가 49-0번지 2필지 ,,,CNN,199279.6774,451120.5177
3010000,3010000-103-1997-02087,폐업,97.35,100330,서울특별시 중구 주교동 72-1번지 ,,,연가,199861.839,451843.1321
3010000,3010000-103-1997-02088,폐업,91.79,100861,서울특별시 중구 충무로2가 61-1번지 ,,,시애틀,198877.7632,451053.9068
3010000,3010000-103-1997-02089,폐업,36.85,100868,서울특별시 중구 황학동 119-0번지 ,,,걸어서하늘까지,201640.4901,451801.0772
3010000,3010000-103-1997-02090,폐업,33.25,100310,서울특별시 중구 오장동 139-17번지 ,,,명동단란주점,200087.0293,451381.6003
3010000,3010000-103-1997-02091,폐업,143.94,100819,서울특별시 중구 신당동 140-34번지 ,,,호프타운,201693.2948,451441.9003
3010000,3010000-103-1997-02092,영업/정상,84.77,100895,서울특별시 중구 신당동 309-18번지 ,서울특별시 중구 다산로 181-2, 지하 1층 (신당동),4608,201099.7594,450833.3061
3010000,3010000-103-1997-02093,폐업,74.91,100864,서울특별시 중구 태평로2가 69-6번지 ,,,C.N.N,451144.2217,단란주점
3010000,3010000-103-1997-02094,폐업,112.6,100810,서울특별시 중구 명동2가 50-11번지 3층 ,,,하이트클럽,451232.9697,단란주점
3010000,3010000-103-1997-02095,폐업,47.96,100863,서울특별시 중구 충무로4가 101-4번지 ,,,산 단란주점,451127.9489,단란주점
3010000,3010000-103-1997-02103,폐업,101.29,100842,서울특별시 중구 을지로1가 37-0번지 ,,,스피드단란주점,451612.4388,단란주점
3010000,3010000-103-1997-02104,폐업,63.63,100851,서울특별시 중구 을지로6가 18-137번지 ,,,을지단란,451667.7933,단란주점
3010000,3010000-103-1997-02105,폐업,52.14,100866,서울특별시 중구 필동1가 16-1번지 ,,,메아리,451000.4228,단란주점
3010000,3010000-103-1997-02106,폐업,37.58,100800,서울특별시 중구 남대문로5가 12-8번지 ,,,방촌,450617.7859,단란주점
3010000,3010000-103-1997-02107,폐업,45.24,100863,서울특별시 중구 충무로4가 24-6번지 ,,,필,451127.1666,단란주점
3010000,3010000-103-1997-02108,폐업,71.43,100230,서울특별시 중구 수표동 11-2번지 ,,,황제,451725.143,단란주점
3010000,3010000-103-1997-02109,폐업,62.04,100372,서울특별시 중구 만리동2가 24-1번지 지상1층 ,서울특별시 중구 만리재로 177 (만리동2가,지상1층),4501,196905.8922,450233.8806
3010000,3010000-103-1997-02110,폐업,113.04,100841,서울특별시 중구 신당동 369-76번지 ,,,보스,450419.3557,단란주점
3010000,3010000-103-1997-11596,폐업,115.62,100411,서울특별시 중구 광희동1가 193-0번지 ,,,영화비지니스크럽,451402.8925,단란주점
3010000,3010000-103-1997-11692,영업/정상,80.39,100823,서울특별시 중구 신당동 247-2 (지하1층) ,서울특별시 중구 퇴계로 388-1 (신당동,(지하1층)),4611,201232.5025,451413.7832
3010000,3010000-103-1998-01994,폐업,75.82,100846,서울특별시 중구 을지로3가 320-0번지 ,서울특별시 중구 을지로12길 11 (을지로3가),4550,리오,199158.5929,451485.5034
3010000,3010000-103-1998-01995,폐업,45.95,100411,서울특별시 중구 광희동1가 188-4번지 ,,,이집트,200497.2121,451372.1816
3010000,3010000-103-1998-01996,폐업,79.34,100080,서울특별시 중구 북창동 71-2번지 ,,,야생마,197945.5493,451122.4688
3010000,3010000-103-1998-01997,폐업,75.42,100848,서울특별시 중구 을지로4가 187-2번지 ,,,자유성,199836.85,451565.451
3010000,3010000-103-1998-01998,폐업,45.24,100013,서울특별시 중구 충무로3가 24-5번지 ,,,삼보단란주점,199143.472,451193.9909
3010000,3010000-103-1998-01999,폐업,125.33,100011,서울특별시 중구 충무로1가 22-5번지 6층 ,,,칸타타,198508.5189,451024.9741
3010000,3010000-103-1998-02011,폐업,38.25,100094,서울특별시 중구 남대문로4가 17-33번지 ,,,젠틀맨,197933.2913,451036.5744
3010000,3010000-103-1998-02013,폐업,71.72,100814,서울특별시 중구 서소문동 91-0번지 ,,,쇼걸,197769.1005,451242.91
3010000,3010000-103-1998-02014,폐업,30.1,100330,서울특별시 중구 주교동 88-0번지 ,,,청강,199829.2563,451811.4593
3010000,3010000-103-1998-02015,폐업,181.2,100080,서울특별시 중구 북창동 125-0번지 ,,,초원의집투,197979.2058,451026.554
3010000,3010000-103-1998-02016,폐업,106.9,100080,서울특별시 중구 북창동 104-0번지 ,,,파라다이스2,197986.8957,451089.6626
3010000,3010000-103-1998-02017,폐업,132.31,100080,서울특별시 중구 북창동 18-4번지 ,,,황태자,197947.6745,451208.4304
3010000,3010000-103-1998-02018,폐업,144.42,100411,서울특별시 중구 광희동1가 187-5번지 ,,,일번지,200510.2867,451400.5619
3010000,3010000-103-1998-02019,폐업,87.94,100080,서울특별시 중구 북창동 42-2,서울특별시 중구 세종대로18길 14 (북창동),4526,프라자,197975.1758,451262.7828
3010000,3010000-103-1998-02020,폐업,47.46,100861,서울특별시 중구 충무로2가 60-12번지 ,,,예스투,198889.0986,451055.8534
3010000,3010000-103-1998-02021,폐업,73.65,100846,서울특별시 중구 을지로3가 334-3번지 ,,,리키단란주점,199141.503,451532.9996
3010000,3010000-103-1998-02022,폐업,85.04,100080,서울특별시 중구 북창동 129-1번지 ,,,황궁,198031.7367,451030.1256
3010000,3010000-103-1998-02023,폐업,27.12,100864,서울특별시 중구 태평로2가 68-13번지 ,,,베르사체,197923.1075,451210.1559
3010000,3010000-103-1998-02024,폐업,76.38,100864,서울특별시 중구 태평로2가 68-6번지 ,,,LA,197916.1729,451198.4543
3010000,3010000-103-1998-02025,폐업,118.65,100180,서울특별시 중구 다동 92-0번지 ,,,오페라하우스,198345.0222,451737.6934
3010000,3010000-103-1998-02026,폐업,22.57,100013,서울특별시 중구 충무로3가 57-5번지 ,,,렉스단란주점,199235.3389,451113.1481
3010000,3010000-103-1998-02027,폐업,50.92,100845,서울특별시 중구 을지로2가 88-1번지 ,,,월드,,
3010000,3010000-103-1998-02028,폐업,148.01,100846,서울특별시 중구 을지로3가 348-7번지 ,,,따봉,199046.1362,451509.6373
3010000,3010000-103-1998-02029,폐업,80.01,100330,서울특별시 중구 주교동 124-1번지 ,,,금마차,199776.9708,451805.6567
3010000,3010000-103-1998-02030,폐업,106.4,100080,서울특별시 중구 북창동 104-0번지 ,,,다빈치,197986.8957,451089.6626
3010000,3010000-103-1998-02038,폐업,76.8,100230,서울특별시 중구 수표동 11-2번지 ,,,황제,199111.9502,451725.143
3010000,3010000-103-1998-02039,영업/정상,59.4,100871,서울특별시 중구 황학동 2487-0번지 ,서울특별시 중구 퇴계로 461 (황학동),4575,영영단란주점,201962.7654,451473.158
3010000,3010000-103-1998-02040,폐업,122.61,100819,서울특별시 중구 신당동 121-1번지 ,,,황제단란주점,201525.1611,451401.1935
3010000,3010000-103-1998-02041,폐업,43.26,100819,서울특별시 중구 신당동 121-2번지 ,,,청기와,201538.7265,451406.3751
3010000,3010000-103-1998-02042,영업/정상,123.51,100411,서울특별시 중구 광희동1가 142-0 ,서울특별시 중구 을지로44길 10 (광희동1가),4561,딘농3,200498.4975,451494.7068
3010000,3010000-103-1998-02043,폐업,64.8,100823,서울특별시 중구 신당동 242-4번지 ,,,샤넬,201224.3597,451263.4901
3010000,3010000-103-1998-02044,폐업,123.48,100411,서울특별시 중구 광희동1가 187-2번지 ,,,힐타운,200511.77,451411.7254
3010000,3010000-103-1998-02045,폐업,113.69,100800,서울특별시 중구 남대문로5가 19-4번지 ,,,하이트단란주점,197671.9552,450714.5172
3010000,3010000-103-1998-02046,폐업,92.56,100080,서울특별시 중구 북창동 122-0번지 (1층) ,,,센세이션,197959.8106,451024.3296
3010000,3010000-103-1998-02047,폐업,118.15,100080,서울특별시 중구 북창동 124-0번지 ,,,비젼,,
3010000,3010000-103-1998-02048,폐업,81.83,100800,서울특별시 중구 남대문로5가 63-11번지 ,,,에버그린,197503.7803,450607.0003
3010000,3010000-103-1998-02049,폐업,107.9,100053,서울특별시 중구 회현동3가 10-0번지 ,,,(주)뉴오리엔탈관광호텔,198491.235,450895.8551
3010000,3010000-103-1998-11594,폐업,59.93,100871,서울특별시 중구 황학동 2529-0번지 ,,,ABC단란주점,,
3010000,3010000-103-1998-11595,영업/정상,105.66,100080,서울특별시 중구 북창동 120-3번지 1층 ,서울특별시 중구 남대문로1길 12, 1층 (북창동),4526,197956.4873,451034.3275
3010000,3010000-103-1999-01993,폐업,88.95,100210,서울특별시 중구 수하동 16-0번지 ,,,라이브가요주점,,
3010000,3010000-103-1999-02012,폐업,83.79,100310,서울특별시 중구 오장동 69-12번지 ,,,오장동노래주점,199855.3209,451374.9261
3010000,3010000-103-1999-02050,폐업,88.87,100861,서울특별시 중구 충무로2가 61-1번지 ,,,명동부르스,198877.7632,451053.9068
3010000,3010000-103-1999-02164,폐업,66,100194,서울특별시 중구 을지로4가 316-1번지 ,,,대신천금,199500.4199,451531.4918
3010000,3010000-103-1999-02188,폐업,41.27,100013,서울특별시 중구 충무로3가 25-2번지 ,,,지니단란주점,199216.2606,451202.9019
3010000,3010000-103-1999-02205,폐업,148.53,100842,서울특별시 중구 을지로1가 32-0번지 ,,,아시나요,198118.8801,451614.3629
3010000,3010000-103-1999-02230,폐업,115.4,100842,서울특별시 중구 을지로1가 46-2번지 지상1,2층 ,,,단란주점,198156.646
3010000,3010000-103-1999-02249,폐업,68.6,100310,서울특별시 중구 오장동 206-37번지 ,,,초연,200087.8257,451349.24
3010000,3010000-103-1999-02257,폐업,93.02,100819,서울특별시 중구 신당동 140-4번지 ,,,앗사,201691.9031,451465.6573
3010000,3010000-103-1999-02278,폐업,58.28,100080,서울특별시 중구 북창동 120-2번지 ,,,서울크럽,197955.2366,451040.2211
3010000,3010000-103-1999-02292,폐업,65.52,100819,서울특별시 중구 신당동 110-7번지 ,,,고구려,201493.8175,451443.4825
3010000,3010000-103-1999-02301,폐업,59.91,100411,서울특별시 중구 광희동1가 182-28번지 ,,,탈렌트,200527.8613,451446.0759
3010000,3010000-103-1999-02313,폐업,74.11,100080,서울특별시 중구 북창동 134-1번지 ,,,대벌,197960.9876,451009.7108
3010000,3010000-103-1999-02322,폐업,120.61,100180,서울특별시 중구 다동 183-0번지 ,,,대명,,
3010000,3010000-103-1999-02358,폐업,67.68,100372,서울특별시 중구 만리동2가 231-22번지 ,,,록원단란주점,,
3010000,3010000-103-1999-02412,폐업,47.15,100080,서울특별시 중구 북창동 63-0번지 ,,,라이브,197963.4802,451166.9203
3010000,3010000-103-1999-11654,폐업,102.12,100195,서울특별시 중구 을지로5가 273-10번지 지하1층 ,,,나이스,200076.1914,451573.8624
3010000,3010000-103-1999-11658,폐업,116.15,100032,서울특별시 중구 저동2가 47-3번지 ,,,백연,199100.4129,451298.4147
3010000,3010000-103-1999-11687,폐업,136.81,100846,서울특별시 중구 을지로3가 118-6번지 ,,,키노,199229.1663,451588.9415
3010000,3010000-103-1999-11709,폐업,59.88,100802,서울특별시 중구 남대문로5가 176-0번지 ,,,비즈니스단란주점,197777.22,450637.2844
3010000,3010000-103-1999-11715,폐업,82.63,100013,서울특별시 중구 충무로3가 49-0번지 지산빌딩 지하동 12호,,,씨엔엔,199279.6774,451120.5177
3010000,3010000-103-1999-11748,폐업,129.19,100806,서울특별시 중구 남창동 169-4번지 ,,,파바로티,197913.8141,450584.5475
3010000,3010000-103-1999-11766,폐업,83.23,100846,서울특별시 중구 을지로3가 296-1번지 ,,,보림,199267.4789,451500.9779
3010000,3010000-103-1999-11785,폐업,134.56,100300,서울특별시 중구 초동 21-1번지 ,,,단비단란주점,199220.3243,451420.4332
3010000,3010000-103-1999-11789,영업/정상,134.09,100868,서울특별시 중구 황학동 1-0번지 ,서울특별시 중구 마장로9길 49 (황학동),4571,캐슬노래주점,201628.0538,452025.5261
3010000,3010000-103-1999-11897,폐업,91.36,100180,서울특별시 중구 다동 188-0번지 ,,,바나나,,
3010000,3010000-103-1999-11912,폐업,132.3,100080,서울특별시 중구 북창동 1-2번지 ,,,멤버스,198051.6507,451269.9284
3010000,3010000-103-1999-11923,폐업,66.12,100200,서울특별시 중구 삼각동 36-3번지 ,,,칼립소,198532.8356,451775.8344
3010000,3010000-103-1999-11935,폐업,719.85,100809,서울특별시 중구 명동2가 31-1번지 ,,,명동로마,198619.3882,451135.7403
3010000,3010000-103-1999-11943,폐업,50.65,100330,서울특별시 중구 주교동 122-4번지 ,,,가락,199778.4621,451792.7299
3010000,3010000-103-1999-11955,폐업,57.68,100080,서울특별시 중구 북창동 71-4번지 ,,,블란서,197953.411,451119.8715
3010000,3010000-103-1999-11989,폐업,65.83,100191,서울특별시 중구 을지로1가 188-3번지 ,,,충무,198113.3707,451483.3
3010000,3010000-103-1999-11999,폐업,121.22,100869,서울특별시 중구 황학동 717-0번지 ,,,주유소단란주점,201724.04,451533.9116
3010000,3010000-103-1999-12015,폐업,58.37,100013,서울특별시 중구 충무로3가 57-11번지 ,,,세븐,199230.8786,451126.5707
3010000,3010000-103-1999-12024,폐업,99.41,100290,서울특별시 중구 예관동 70-27번지 ,,,클럽아이,199810.5918,451300.5978
3010000,3010000-103-1999-12152,폐업,77.93,100450,서울특별시 중구 신당동 100-3번지 ,,,캐빈,201397.8563,451435.4905
3010000,3010000-103-1999-12157,폐업,94.5,100865,서울특별시 중구 태평로2가 333-3번지 ,,,태평양,197814.5725,451260.2318
3010000,3010000-103-1999-12173,폐업,35.97,100864,서울특별시 중구 태평로2가 23-0 ,서울특별시 중구 소공로 119 (태평로2가),4525,르캬바레시떼,197979.0212,451376.7834
3010000,3010000-103-1999-12189,폐업,122.8,100814,서울특별시 중구 서소문동 93-0번지 ,,,라스베가스,197787.1268,451246.8127
3010000,3010000-103-1999-12192,폐업,59.56,100876,서울특별시 중구 회현동2가 2-1번지 ,,,숲속의빈터,,
3010000,3010000-103-1999-12195,폐업,141.28,100070,서울특별시 중구 소공동 80-0번지 복창빌딩 ,서울특별시 중구 남대문로7길 29 (소공동,복창빌딩),4532,단란주점,198181.0657
3010000,3010000-103-1999-12213,폐업,75.01,100863,서울특별시 중구 충무로4가 32-16번지 ,,,애리단란,199606.1113,451137.8958
3010000,3010000-103-1999-12258,폐업,53.83,100845,서울특별시 중구 을지로2가 148-1번지 150동 2호,,,무랑루즈,,
3010000,3010000-103-1999-12289,폐업,37.76,100180,서울특별시 중구 다동 192-1번지 2 ,,,마카오,,
3010000,3010000-103-1999-12338,폐업,113.75,100272,서울특별시 중구 필동2가 13-2번지 ,,,투나이트,,
3010000,3010000-103-1999-12350,폐업,48.42,100180,서울특별시 중구 다동 192-1번지 2 ,,,테크노,,
3010000,3010000-103-1999-12359,폐업,56.1,100230,서울특별시 중구 수표동 11-8번지 2층 ,,,창원,199026.5803,451709.1746
3010000,3010000-103-1999-12377,폐업,82.98,100080,서울특별시 중구 북창동 71-2번지 ,,,골든벨2,197945.5493,451122.4688
3010000,3010000-103-1999-12413,폐업,30.01,100842,서울특별시 중구 을지로1가 37-0 지상3층,서울특별시 중구 을지로1길 15 (을지로1가,지상3층),4523,단란주점,198139.29
3010000,3010000-103-1999-12420,폐업,82.78,100170,서울특별시 중구 무교동 12-1번지 ,,,뉴보물섬,198117.5253,451757.6239
3010000,3010000-103-1999-12439,폐업,141.91,100101,서울특별시 중구 태평로1가 31-19번지 ,,,금강산,198035.465,451682.9081
3010000,3010000-103-1999-12440,폐업,36.4,100869,서울특별시 중구 황학동 657-6번지 ,,,만남,201797.6608,451600.7621
3010000,3010000-103-2000-12553,폐업,90.42,100819,서울특별시 중구 신당동 150-2,서울특별시 중구 퇴계로 452 (신당동),,영이주점,201851.8802,451448.701
3010000,3010000-103-2000-12575,폐업,50.78,100869,서울특별시 중구 황학동 703-1번지 ,,,테킬라,201762.7658,451528.7024
3010000,3010000-103-2000-12600,폐업,105.6,100094,서울특별시 중구 남대문로4가 20-60번지 ,,,라이트단란주점,197846.4479,450872.5889
3010000,3010000-103-2000-12650,폐업,94.45,100851,서울특별시 중구 을지로6가 18-53번지 ,,,Y2K,200525.6479,451599.5573
3010000,3010000-103-2000-12710,폐업,93.37,100411,서울특별시 중구 광희동1가 187-2번지 지하1층 ,,,타운,200511.77,451411.7254
3010000,3010000-103-2000-12746,폐업,41.05,100864,서울특별시 중구 태평로2가 69-1번지 ,,,카사,197904.6111,451181.56
3010000,3010000-103-2000-12766,폐업,134.1,100300,서울특별시 중구 초동 21-2번지 지하1층 ,,,블루단란주점,199226.8476,451398.6012
3010000,3010000-103-2000-12779,폐업,75.03,100080,서울특별시 중구 북창동 99-3번지 ,,,S클럽,197947.6512,451086.9598
3010000,3010000-103-2000-12842,폐업,51.26,100080,서울특별시 중구 북창동 19-6번지 ,,,비엠,197911.0953,451167.0272
3010000,3010000-103-2000-12845,폐업,54.54,100864,서울특별시 중구 태평로2가 68-2번지 2층 ,,,C.N.N,197915.7982,451231.3886
3010000,3010000-103-2000-12849,폐업,7.8,100080,서울특별시 중구 북창동 90-3번지 ,,,폭소,198022.5125,451148.5644
3010000,3010000-103-2000-12880,폐업,104.08,100854,서울특별시 중구 입정동 263-1번지 ,,,칼튼단란주점,199134.9175,451720.262
3010000,3010000-103-2000-12887,폐업,70.84,100080,서울특별시 중구 북창동 136-0번지 ,,,세븐클럽,197959.7815,450999.0984
3010000,3010000-103-2000-12908,폐업,45.71,100180,서울특별시 중구 다동 192-1번지 ,,,블루문,,
3010000,3010000-103-2000-12918,폐업,46.21,100861,서울특별시 중구 충무로2가 50-3번지 ,,,보성,199055.7048,451096.008
3010000,3010000-103-2000-12971,폐업,45.08,100011,서울특별시 중구 충무로1가 22-15번지 ,,,잉카,198458.7383,451014.918
3010000,3010000-103-2000-12976,폐업,82.18,100846,서울특별시 중구 을지로3가 95-6번지 ,,,명동골뱅이,199191.8192,451636.2753
3010000,3010000-103-2000-12987,폐업,104.77,100180,서울특별시 중구 다동 114-0번지 ,,,웰빙오페라노래방주점,198342.2791,451614.0686
3010000,3010000-103-2000-12992,폐업,143.94,100195,서울특별시 중구 을지로5가 40-3번지 ,,,엠폴리스,200243.5753,451678.9077
3010000,3010000-103-2000-12996,폐업,76.76,100080,서울특별시 중구 북창동 66-0번지 ,,,상록수,197967.2181,451154.2831
3010000,3010000-103-2000-13026,폐업,18.63,100876,서울특별시 중구 회현동2가 8-4번지 ,,,죠이,,
3010000,3010000-103-2000-13042,폐업,91.34,100015,서울특별시 중구 충무로5가 8-6번지 ,,,리즈,200017.7233,451193.2653
3010000,3010000-103-2000-13043,폐업,42.1,100861,서울특별시 중구 충무로2가 50-3번지 외1 ,,,비어타운,199055.7048,451096.008
3010000,3010000-103-2000-13053,폐업,76.03,100864,서울특별시 중구 태평로2가 68-6번지 ,서울특별시 중구 남대문로1길 43, 4층 (태평로2가),4526,단란주점,197916.1729
3010000,3010000-103-2000-13098,폐업,123.75,100080,서울특별시 중구 북창동 111-2번지 ,,,쇼2000,197975.5428,451036.1263
3010000,3010000-103-2000-13139,폐업,101.73,100195,서울특별시 중구 을지로5가 79-1번지 지상3층 ,,,스카이팡팡,200248.4836,451534.2248
3010000,3010000-103-2000-13164,폐업,94.66,100866,서울특별시 중구 필동1가 21-11번지 ,,,위드,199199.3807,450953.8125
3010000,3010000-103-2000-13183,폐업,61.4,100180,서울특별시 중구 다동 120-0번지 2층 ,,,발리섬,198319.0868,451637.8829
3010000,3010000-103-2000-13186,폐업,55.75,100080,서울특별시 중구 북창동 77-2번지 1층 ,,,요꼬하마,197985.7393,451123.9521
3010000,3010000-103-2000-13196,폐업,51.7,100180,서울특별시 중구 다동 164-1번지 ,,,오아시스노래천국주점,198212.6554,451688.0989
3010000,3010000-103-2000-13211,폐업,142,100080,서울특별시 중구 북창동 63-0번지 ,,,화이트하우스,197963.4802,451166.9203
3010000,3010000-103-2000-13226,폐업,97.39,100180,서울특별시 중구 다동 185-1번지 외1필지 ,,,캔디노래방주점,,
3010000,3010000-103-2000-13228,폐업,99,100195,서울특별시 중구 을지로5가 19-13번지 지하1층 ,,,그린단란주점,200035.5553,451655.6115
3010000,3010000-103-2000-13229,폐업,72,100093,서울특별시 중구 남대문로3가 86-0번지 지하1층 ,,,홀인원,197966.064,450990.3489
3010000,3010000-103-2000-13231,폐업,30.75,100864,서울특별시 중구 태평로2가 68-9번지 ,,,뉴오사카,197897.9,451220.481
3010000,3010000-103-2000-13234,폐업,67.7,100170,서울특별시 중구 무교동 12-1번지 ,,,보물섬,198117.5253,451757.6239
3010000,3010000-103-2000-13342,폐업,90.17,100210,서울특별시 중구 수하동 40-2번지 ,,,보물성 비지니스,198537.6344,451684.5041
3010000,3010000-103-2000-13365,폐업,52.5,100080,서울특별시 중구 북창동 98-0번지 ,,,아시아나비지니스,197945.8254,451102.6517
3010000,3010000-103-2000-13368,폐업,26.04,100180,서울특별시 중구 다동 59-2번지 ,,,웨스턴,198261.9122,451724.1258
3010000,3010000-103-2000-13371,폐업,35,100080,서울특별시 중구 북창동 94-10번지 1층 ,,,에쿠스,197971.2415,451117.83
3010000,3010000-103-2000-13388,폐업,97.35,100180,서울특별시 중구 다동 188-0번지 ,,,월드컵,,
3010000,3010000-103-2000-13389,폐업,30.9,100864,서울특별시 중구 태평로2가 69-6번지 ,,,샤넬,197885.4184,451144.2217
3010000,3010000-103-2000-13390,영업/정상,122.47,100842,서울특별시 중구 을지로1가 32번지 지하2층 ,서울특별시 중구 남대문로9길 51 (을지로1가,지하2층),4523,198118.8801,451614.3629
3010000,3010000-103-2000-13391,영업/정상,102.23,100080,서울특별시 중구 북창동 20-3번지 지상2층 ,,,김미,197911.394,451104.0823
3010000,3010000-103-2000-13392,폐업,,100300,서울특별시 중구 초동 55-0번지 지하1층 ,,,n-Bar(엔 바),199236.8027,451256.5542
3010000,3010000-103-2001-13422,폐업,71.79,100080,서울특별시 중구 북창동 1-2 지하1층 ,서울특별시 중구 세종대로18길 28 (북창동,지하1층),4526,단란주점,198051.6507
3010000,3010000-103-2001-13432,폐업,143.55,100819,서울특별시 중구 신당동 110-1번지 외2 ,,,해룡,201433.0322,451425.4797
3010000,3010000-103-2001-13444,폐업,65.9,100043,서울특별시 중구 남산동3가 13-4번지 ,,,스팅,198770.9135,450948.789
3010000,3010000-103-2001-13451,폐업,68.3,100101,서울특별시 중구 태평로1가 31-28번지 외1 ,,,파라다이스,198012.3185,451664.688
3010000,3010000-103-2001-13464,폐업,38.9,100080,서울특별시 중구 북창동 19-3번지 ,,,씨애로,197913.8058,451155.4175
3010000,3010000-103-2001-13499,폐업,91.94,100819,서울특별시 중구 신당동 140-4번지 ,,,앗싸,201691.9031,451465.6573
3010000,3010000-103-2001-13500,폐업,77.34,100180,서울특별시 중구 다동 97-0번지 ,,,비지니스클럽,198300.0223,451702.5462
3010000,3010000-103-2001-13544,폐업,126.56,100080,서울특별시 중구 북창동 136-0 ,서울특별시 중구 남대문로1길 2 (북창동),4526,빅맨,197959.7815,450999.0984
3010000,3010000-103-2001-13578,폐업,105.34,100080,서울특별시 중구 북창동 93-3 지하1층,서울특별시 중구 남대문로5길 9 (북창동,지하1층),4526,단란주점,198063.009
3010000,3010000-103-2001-13595,폐업,57.03,100013,서울특별시 중구 충무로3가 59-11번지 ,,,뉴시티단란주점,199119.114,451114.4484
3010000,3010000-103-2001-13596,폐업,88.8,100230,서울특별시 중구 수표동 11-7번지 ,,,일번지,199049.026,451709.7661
3010000,3010000-103-2001-13607,폐업,73.48,100871,서울특별시 중구 황학동 2494-0번지 ,,,태양,201983.4071,451465.9655
3010000,3010000-103-2001-13672,폐업,82.5,100093,서울특별시 중구 남대문로3가 92-1번지 ,,,노래하는메종,198021.3689,451006.2741
3010000,3010000-103-2001-13678,폐업,87.66,100180,서울특별시 중구 다동 58-1번지 6층 ,,,월드컵,198264.7839,451746.9218
3010000,3010000-103-2001-13734,폐업,91.5,100070,서울특별시 중구 소공동 117-0번지 지하2층 ,,,로마,198044.4609,451205.8535
3010000,3010000-103-2001-13786,폐업,72.72,100102,서울특별시 중구 태평로2가 362-1번지 3.4층 ,,,체어,197853.3436,451355.3346
3010000,3010000-103-2001-13791,폐업,65,100080,서울특별시 중구 북창동 81-0번지 ,,,오월,197993.3448,451148.9612
3010000,3010000-103-2001-13792,폐업,118.2,100845,서울특별시 중구 을지로2가 199-7번지 ,,,만남노래광장,198515.4509,451503.5225
3010000,3010000-103-2001-13806,폐업,40.22,100180,서울특별시 중구 다동 166-0번지 2층 ,,,카사노바,198217.3092,451709.931
3010000,3010000-103-2001-13863,폐업,45.06,100340,서울특별시 중구 산림동 192-3번지 ,,,늘벗,199585.101,451787.8818
3010000,3010000-103-2001-13952,폐업,38.02,100080,서울특별시 중구 북창동 99-3번지 ,,,여인천하,197947.6512,451086.9598
3010000,3010000-103-2001-13978,폐업,77.75,100870,서울특별시 중구 황학동 809-0번지 2층 ,,,토마토,201978.0741,451518.3053
3010000,3010000-103-2001-13979,폐업,110.5,100180,서울특별시 중구 다동 97-0번지 ,,,카바나,198300.0223,451702.5462
3010000,3010000-103-2001-13980,폐업,145.81,100011,서울특별시 중구 충무로1가 24-1번지 밀리오레 지상9층 ,,,밀리오레 스타디움,198562.6327,450975.1164
3010000,3010000-103-2001-13982,폐업,81.1,100093,서울특별시 중구 남대문로3가 94번지 외 3필지 지상2층 ,,,황궁단란주점,198037.3385,451010.5466
3010000,3010000-103-2001-13983,폐업,88.8,100230,서울특별시 중구 수표동 11-7번지 지하1층 ,,,일번지,199049.026,451709.7661
3010000,3010000-103-2001-13984,폐업,57.03,100013,서울특별시 중구 충무로3가 59-11번지 청운빌딩 지상2층 ,,,에이전트,199119.114,451114.4484
3010000,3010000-103-2001-13985,폐업,78.89,100813,서울특별시 중구 서소문동 48-2 지하1층,서울특별시 중구 서소문로 113 (서소문동,지하1층),4515,단란주점,197590.7511
3010000,3010000-103-2001-13986,폐업,82.39,100842,서울특별시 중구 을지로1가 37-0번지 (지하1층) ,,,쉼터,198139.29,451612.4388
3010000,3010000-103-2001-13987,폐업,38.98,100094,서울특별시 중구 남대문로4가 18-4번지 지상2층 ,,,현단란주점,197909.3689,450891.1313
3010000,3010000-103-2002-00001,폐업,141.9,100080,서울특별시 중구 북창동 134-1번지 (4층) ,,,샤롯데,197960.9876,451009.7108
3010000,3010000-103-2002-00002,폐업,93.49,100080,서울특별시 중구 북창동 90-3번지 지상 2층 ,,,드림포트,198022.5125,451148.5644
3010000,3010000-103-2002-00003,폐업,60.13,100080,서울특별시 중구 북창동 104-2 지상1, 2층,서울특별시 중구 세종대로12길 27 (북창동,지상1,U,02:00.0
3010000,3010000-103-2002-00004,폐업,128.54,100861,서울특별시 중구 충무로2가 49-6번지 지하1층 ,,,투피스,199062.6894,451135.4237
3010000,3010000-103-2002-00005,폐업,59.5,100080,서울특별시 중구 북창동 19-1번지 ,,,모아노래하우스,197915.928,451177.4402
3010000,3010000-103-2002-00006,폐업,140,100180,서울특별시 중구 다동 134-1,서울특별시 중구 다동길 24-3 (다동),4522,노래전당,198231.8031,451689.8223
3010000,3010000-103-2002-00007,폐업,69,100070,서울특별시 중구 소공동 81번지 소공빌딩 지상1층 ,,,카사불랑카,198164.8147,451278.9014
3010000,3010000-103-2002-00008,폐업,121.55,100170,서울특별시 중구 무교동 21-3번지 지상2층 ,,,거목,198109.6173,451640.774
3010000,3010000-103-2002-00009,폐업,95.8,100411,서울특별시 중구 광희동1가 191번지 지하1층 ,,,첼로,200526.2174,451373.8233
3010000,3010000-103-2002-00010,폐업,72.43,100015,서울특별시 중구 충무로5가 20-26번지 2층 ,,,공주,199900.1281,451160.6098
3010000,3010000-103-2002-00011,폐업,198.56,100080,서울특별시 중구 북창동 12-1번지 3층 ,,,시카고,198018.6799,451207.7298
3010000,3010000-103-2002-00012,폐업,44.9,100411,서울특별시 중구 광희동1가 175-2번지 3층 ,서울특별시 중구 마른내로 163 (광희동1가,3층),4561,단란주점,200477.2503
3010000,3010000-103-2002-00014,폐업,59.1,100093,서울특별시 중구 남대문로3가 87-3번지 2층 ,,,신성,197972.9619,450992.6509
3010000,3010000-103-2002-00015,폐업,131.84,100861,서울특별시 중구 충무로2가 66-9번지 (2층) ,,,(주)명동프리엠,198640.6596,451053.3799
3010000,3010000-103-2002-00016,폐업,103.93,100080,서울특별시 중구 북창동 118번지 (1층) ,,,로마,197958.2625,451056.1464
3010000,3010000-103-2002-00017,폐업,86,100800,서울특별시 중구 남대문로5가 63-11번지 지하1층 ,서울특별시 중구 세종대로 5, 지하1층 (남대문로5가),4512,단란주점,197503.7803
3010000,3010000-103-2002-00018,영업/정상,136.5,100871,서울특별시 중구 황학동 2491-0 (지하1층),서울특별시 중구 난계로11길 9 (황학동,(지하1층)),4575,201955.0531,451493.9399
3010000,3010000-103-2002-00019,폐업,146.8,100015,서울특별시 중구 충무로5가 78-1번지 (지하1층) ,,,동경라이브바,199780.0534,451065.8312
3010000,3010000-103-2002-00020,폐업,56.03,100021,서울특별시 중구 명동1가 45-1번지 (3층) ,,,유스,198556.1416,451362.7705
3010000,3010000-103-2002-00021,폐업,36.4,100411,서울특별시 중구 광희동1가 189-2번지 (2층) ,,,줄까 말까,200505.5608,451371.4501
3010000,3010000-103-2002-00022,폐업,36.4,100869,서울특별시 중구 황학동 657-6번지 (지하1층) ,,,만남,201797.6608,451600.7621
3010000,3010000-103-2003-00001,폐업,118.63,100864,서울특별시 중구 태평로2가 69-6번지 (4층) ,,,비엔나,197885.4184,451144.2217
3010000,3010000-103-2003-00002,폐업,66.46,100101,서울특별시 중구 태평로1가 31-28 (지하1층),서울특별시 중구 무교로 17-27 (태평로1가,(지하1층)),4520,단란주점,198012.3185
3010000,3010000-103-2003-00003,폐업,51,100848,서울특별시 중구 을지로4가 182-1 (1층) ,서울특별시 중구 창경궁로 40-5 (을지로4가,(1층)),4547,단란주점,199802.9752
3010000,3010000-103-2003-00004,폐업,72.43,100015,서울특별시 중구 충무로5가 20-26번지 (2층) ,,,공주단란주점,199900.1281,451160.6098
3010000,3010000-103-2003-00005,폐업,145.5,100889,서울특별시 중구 신당동 251-1 (3층),서울특별시 중구 퇴계로73길 50 (신당동,(3층)),4569,단란주점,201165.0117
3010000,3010000-103-2003-00006,폐업,90.68,100871,서울특별시 중구 황학동 2494번지 (지상2층) ,,,태양,201983.4071,451465.9655
3010000,3010000-103-2004-00001,폐업,112.2,100810,서울특별시 중구 명동2가 50-1번지 (지하1층) ,,,에스비에스 sbs,198533.0627,451253.0507
3010000,3010000-103-2004-00002,폐업,82.55,100310,서울특별시 중구 오장동 193-1번지 (지상2층) ,,,쌍쌍노래실주점,200203.8637,451438.3158
3010000,3010000-103-2004-00003,폐업,50.6,100070,서울특별시 중구 소공동 1번지 (지하1층) ,,,Bobby London(보비런던),198259.6536,451392.1982
3010000,3010000-103-2004-00004,폐업,137.69,100861,서울특별시 중구 충무로2가 64-1번지 (지하1층) ,,,훼미리노래반주점,198696.6531,451014.6305
3010000,3010000-103-2004-00005,영업/정상,79.58,100300,서울특별시 중구 초동 37-1 ,서울특별시 중구 충무로 36-8, 2층 (초동),4556,199333.8666,451302.0052
3010000,3010000-103-2004-00006,폐업,102.64,100819,서울특별시 중구 신당동 110-4번지 지상2층 ,,,노래하는 호프빠,451448.546,단란주점
3010000,3010000-103-2004-00007,폐업,137.68,100861,서울특별시 중구 충무로2가 66-9번지 지상2층 ,,,카사 룸 가라오케,451053.3799,단란주점
3010000,3010000-103-2004-00008,영업/정상,133.5,100871,서울특별시 중구 황학동 2484-0번지 (지하1층) ,서울특별시 중구 퇴계로 457 (황학동,(지하1층)),4575,201929.9504,451483.1444
3010000,3010000-103-2005-00004,폐업,146.7,100851,서울특별시 중구 을지로6가 18-95번지 (지상6층) ,,,와이이얼스(y-year's),451718.1285,단란주점
3010000,3010000-103-2005-00005,폐업,132.27,100080,서울특별시 중구 북창동 103-2번지 ,서울특별시 중구 세종대로12길 25, 2층 (북창동),4526,197967.6984,451078.8212
3010000,3010000-103-2005-00006,영업/정상,39.36,100869,서울특별시 중구 황학동 657-6번지 (지하1층) ,서울특별시 중구 퇴계로87길 26 (황학동,(지하1층)),4575,201797.6608,451600.7621
3010000,3010000-103-2005-00007,폐업,37.88,100080,서울특별시 중구 북창동 17-5번지 (지상2층) ,,,자유인,451194.9986,단란주점
3010000,3010000-103-2005-00008,폐업,99.34,100180,서울특별시 중구 다동 188번지 (지상2층) ,,,돈텔마마,,단란주점
3010000,3010000-103-2005-00009,영업/정상,139.03,100871,서울특별시 중구 황학동 2492번지 (지하1층) ,서울특별시 중구 난계로11길 5 (황학동,(지하1층)),4575,201976.1194,451492.7718
3010000,3010000-103-2005-00010,폐업,92.55,100196,서울특별시 중구 을지로6가 23번지 (지하2층201호) ,,,아쿠아노래주점,200488.7712,451524.8783
3010000,3010000-103-2005-00011,폐업,164.8,100802,서울특별시 중구 남대문로5가 214 (지하1층),서울특별시 중구 세종대로2나길 8 (남대문로5가,(지하1층)),,단란주점,197663.3664
3010000,3010000-103-2006-00001,폐업,120.6,100411,서울특별시 중구 광희동1가 182-28번지 (지상2층) ,,,노래하며주점,200527.8613,451446.0759
3010000,3010000-103-2006-00002,폐업,91.62,100281,서울특별시 중구 인현동1가 141-2번지 외1필지(지하층) ,,,엔바,199336.0093,451201.8239
3010000,3010000-103-2006-00003,폐업,79.61,100196,서울특별시 중구 을지로6가 23번지 (지하2층 203호) ,,,아쿠아노래주점,200488.7712,451524.8783
3010000,3010000-103-2006-00004,폐업,137.42,100102,서울특별시 중구 태평로2가 361-1번지 (지상3층) ,서울특별시 중구 세종대로 91 (태평로2가,(지상3층)),4515,단란주점,197859.8287
3010000,3010000-103-2006-00005,폐업,107.3,100861,서울특별시 중구 충무로2가 65-5번지 (지하1층) ,서울특별시 중구 명동10길 58 (충무로2가,(지하1층)),4536,단란주점,198670.8464
3010000,3010000-103-2006-00006,폐업,137.69,100861,서울특별시 중구 충무로2가 64-1번지 (지하1층) ,서울특별시 중구 명동10길 55 (충무로2가,(지하1층)),4537,단란주점,198696.6531
3010000,3010000-103-2006-00007,폐업,133.49,100180,서울특별시 중구 다동 188-0번지 (지상4층) ,,,킹,,
3010000,3010000-103-2006-00008,폐업,95.47,100411,서울특별시 중구 광희동1가 263-2번지 (지하1층) ,서울특별시 중구 마른내로 150 (광희동1가,(지하1층)),4560,단란주점,200330.9741
3010000,3010000-103-2007-00001,폐업,63.67,100220,서울특별시 중구 장교동 22-17번지 (지상4층) ,,,불러바주점,,
3010000,3010000-103-2007-00002,폐업,126.56,100195,서울특별시 중구 을지로5가 123번지 ,,,킹콩,200165.7607,451538.8595
3010000,3010000-103-2007-00003,폐업,78,100845,서울특별시 중구 을지로2가 199-1번지 (3층) ,,,W노래주점,198466.7065,451399.9767
3010000,3010000-103-2008-00001,폐업,344.3,100874,서울특별시 중구 회현동1가 199-6번지 (지상5층) ,,,모딕,198113.9323,450944.4452
3010000,3010000-103-2008-00002,영업/정상,149.51,100873,서울특별시 중구 회현동1가 65 렉스호텔 지하1층,서울특별시 중구 퇴계로10길 23 (회현동1가,렉스호텔 지하1층),4632,198249.7588,450711.483
3010000,3010000-103-2008-00003,폐업,118.63,100823,서울특별시 중구 신당동 302-4번지 지하1층 ,,,명품주점,451217.389,단란주점
3010000,3010000-103-2008-00004,폐업,50.4,100093,서울특별시 중구 남대문로3가 87-2번지 지상2층 ,,,식스나인,450993.9596,단란주점
3010000,3010000-103-2008-00005,폐업,73.7,100869,서울특별시 중구 황학동 732번지 2층 ,,,아우디,451518.8435,단란주점
3010000,3010000-103-2009-00001,폐업,148.5,100180,서울특별시 중구 다동 170-1 지상2층 ,서울특별시 중구 다동길 16 (다동,지상2층),4522,198178.212,451722.2396
3010000,3010000-103-2009-00002,폐업,344.3,100874,서울특별시 중구 회현동1가 199-6 지상5층,서울특별시 중구 남대문시장길 61 (회현동1가,지상5층),4529,198113.9323,450944.4452
3010000,3010000-103-2009-00003,영업/정상,148.48,100862,서울특별시 중구 충무로4가 132-3 지하1층 ,서울특별시 중구 퇴계로 209, 지하1층 (충무로4가),4557,199495.1532,451041.9764
3010000,3010000-103-2009-00004,영업/정상,88.3,100-819,서울특별시 중구 신당동 120-9 (2층),서울특별시 중구 퇴계로 422-1 (신당동,(2층)),4577,201567.1923,451460.577
3010000,3010000-103-2009-00005,폐업,145,100013,서울특별시 중구 충무로3가 59-22번지 지상3층 ,서울특별시 중구 수표로 14 (충무로3가,지상3층),4554,199100.3459,451122.184
3010000,3010000-103-2009-00006,폐업,90.41,100021,서울특별시 중구 명동1가 54-17번지 지상3층 ,,,와세다,451295.4682,단란주점
3010000,3010000-103-2009-00007,폐업,69.42,100814,서울특별시 중구 서소문동 120-19번지 지상3층 ,서울특별시 중구 세종대로11길 45 (서소문동,지상3층),4513,197581.2144,451072.5659
3010000,3010000-103-2010-00001,영업/정상,92.42,100411,서울특별시 중구 광희동1가 174번지 (지하1층) ,서울특별시 중구 마른내로 161-3 (광희동1가,(지하1층)),4561,200466.695,451383.2242
3010000,3010000-103-2010-00002,폐업,146.91,100080,서울특별시 중구 북창동 20-1번지 (지상3층) ,서울특별시 중구 남대문로1길 31 (북창동,(지상3층)),4526,단란주점,197920.237
3010000,3010000-103-2010-00003,영업/정상,92.64,100032,서울특별시 중구 저동2가 78번지 지하1층(B102,103,104) ,서울특별시 중구 수표로 45 (저동2가,199018.4667,451463.4827
3010000,3010000-103-2010-00004,폐업,69.3,100180,서울특별시 중구 다동 70번지 한외빌딩 지하1층 9호,10호 ,서울특별시 중구 다동길 43 (다동,한외빌딩 지하1층 9호,I,59:59.0
3010000,3010000-103-2011-00001,영업/정상,114.6,100819,서울특별시 중구 신당동 140-4 지하1층 ,서울특별시 중구 퇴계로 436 (신당동,지하1층),4578,201691.9031,451465.6573
3010000,3010000-103-2011-00002,폐업,136.79,100810,서울특별시 중구 명동2가 89번지 (지하1층) ,,,신밧드,451183.2727,단란주점
3010000,3010000-103-2011-00003,폐업,87.79,100110,서울특별시 중구 서소문동 49-2번지 ,50-2 지하1층 ,서울특별시 중구 서소문로 111 (서소문동,,40:00.0,단란주점
3010000,3010000-103-2011-00004,폐업,35.19,100800,서울특별시 중구 남대문로5가 63-7번지 지상2층 ,,,자이언트,450610.7464,단란주점
3010000,3010000-103-2012-00001,폐업,129.58,100021,서울특별시 중구 명동1가 28-2 ,서울특별시 중구 명동길 49 (명동1가),4534,씽씽노래주점,451300.2332,단란주점
3010000,3010000-103-2012-00002,폐업,111.04,100-300,서울특별시 중구 초동 107-5 지상2층,서울특별시 중구 을지로12길 29 (초동, 지상2층),4550,199122.2527,451406.2876
3010000,3010000-103-2012-00003,영업/정상,102.28,100411,서울특별시 중구 광희동1가 189-1번지 2층 ,서울특별시 중구 마른내로 167, 2층 (광희동1가),4561,200512.3144,451371.9641
3010000,3010000-103-2013-00001,폐업,85.95,100013,서울특별시 중구 충무로3가 56-5번지 지상2층 ,서울특별시 중구 수표로6길 24 (충무로3가),4554,캐빈이벤트룸호프주점,451165.0011,단란주점
3010000,3010000-103-2014-00001,영업/정상,111.67,100310,서울특별시 중구 오장동 139-11번지 지하1층 ,서울특별시 중구 을지로36길 35 (오장동, 지하1층),4547,200092.1659,451408.6993
3010000,3010000-103-2014-00002,영업/정상,102.15,100-195,서울특별시 중구 을지로5가 275-6 지하1층,서울특별시 중구 동호로 350, 지하1층 (을지로5가),4561,200168.8391,451476.043
3010000,3010000-103-2014-00003,폐업,145.3,100196,서울특별시 중구 을지로6가 30-5번지 지상2층 ,서울특별시 중구 을지로 250 (을지로6가, 지상2층),4561,단란주점,200439.9166
3010000,3010000-103-2014-00004,영업/정상,93.45,100013,서울특별시 중구 충무로3가 56-1 2층 ,서울특별시 중구 수표로6길 32, 2층 (충무로3가),4554,199229.9205,451163.7958
3010000,3010000-103-2016-00001,영업/정상,128.76,100814,서울특별시 중구 서소문동 57-7 지하1층,서울특별시 중구 서소문로 101 (서소문동, 지하1층),4516,197492.6595,451177.6294
3010000,3010000-103-2016-00002,영업/정상,144.07,100845,서울특별시 중구 을지로2가 101-28 3층 ,서울특별시 중구 을지로9길 8, 3층 (을지로2가),4542,198914.045,451592.0099
3010000,3010000-103-2016-00003,영업/정상,116.3,100450,서울특별시 중구 신당동 100-3번지 2층 ,서울특별시 중구 퇴계로 406 (신당동, 2층),4577,201397.8563,451435.4905
3010000,3010000-103-2017-00001,폐업,126.14,100863,서울특별시 중구 충무로4가 125-3 지하1층,서울특별시 중구 퇴계로 213 (충무로4가, 지하1층),4557,199532.0845,451067.1947
3010000,3010000-103-2018-00001,영업/정상,128.93,100869,서울특별시 중구 황학동 710번지 ,서울특별시 중구 퇴계로 443, 지하1층 (황학동),4576,201780.5406,451506.8824
3010000,3010000-103-2018-00002,영업/정상,66.6,100879,서울특별시 중구 흥인동 96번지 ,서울특별시 중구 퇴계로 407, 2층 (흥인동),4570,201429.7532,451480.2409
3010000,3010000-103-2018-00003,영업/정상,247.27,100281,서울특별시 중구 인현동1가 141-2번지 호운빌딩 ,서울특별시 중구 충무로 22, 호운빌딩 지하 층 (인현동1가),4556,199336.0093,451201.8239
