,Unnamed: 0.1,Unnamed: 0,개방자치단체코드,관리번호,영업상태명,소재지면적,지번주소,도로명주소,도로명우편번호,사업장명,업태구분명,좌표정보(X),좌표정보(Y),경도,위도
0,0,0,3010000,3010000-102-1967-02477,영업/정상,81.8,서울특별시 중구 북창동 120-3번지 ,서울특별시 중구 남대문로1길 12 (북창동),4526,폭스,룸살롱,197956.4873,451034.3275,126.9747691,37.56158477
1,1,1,3010000,3010000-102-1973-02572,영업/정상,98.17,서울특별시 중구 흥인동 15-0 ,서울특별시 중구 퇴계로 417 (흥인동),4570,성동차차차,스텐드바,201503.8491,451514.0405,127.0149197,37.56590821
2,2,2,3010000,3010000-102-1974-02486,영업/정상,98.84,서울특별시 중구 다동 117번지 지하1층 ,서울특별시 중구 남대문로9길 12 (다동,지하1층),4522,2018-08-31 23:59:59,198319.0072,451622.5063,126.9788708,37.56688495
3,3,3,3010000,3010000-102-1974-02622,영업/정상,64.48,서울특별시 중구 신당동 247-11번지 ,서울특별시 중구 퇴계로 386-5 (신당동),4611,신당과촌,극장식당,201223.1868,451410.7622,127.0117428,37.56497808
4,4,4,3010000,3010000-102-1974-02681,영업/정상,483.5,서울특별시 중구 을지로5가 133-1번지 ,서울특별시 중구 을지로38길 20 (을지로5가),4561,천지호텔나이트캬바레,카바레,200225.9831,451511.2628,127.0004557,37.5658843
5,5,5,3010000,3010000-102-1975-02553,영업/정상,185.24,서울특별시 중구 충무로2가 60-3번지 지하1층 ,서울특별시 중구 삼일대로 299, 지하1층 (충무로2가),4537,2018-08-31 23:59:59,198911.8064,451032.3161,126.9855816,37.56156833
6,6,6,3010000,3010000-102-1975-02569,영업/정상,83.67,서울특별시 중구 충무로2가 50-3 1~2층,서울특별시 중구 삼일대로4길 17 (충무로2가),4553,동경비지니스,비어(바)살롱,199055.7048,451096.008,126.9872101,37.56214236
7,7,7,3010000,3010000-102-1976-02558,영업/정상,52.81,서울특별시 중구 중림동 129-38번지 지하1층 ,서울특별시 중구 청파로 425 (중림동),4507,희망,비어(바)살롱,197183.0871,450587.368,126.9660174,37.55755561
8,8,8,3010000,3010000-102-1976-02619,영업/정상,110.55,서울특별시 중구 남산동2가 31-1번지 ,서울특별시 중구 퇴계로20길 2 (남산동2가),4631,젠쿠(BAR),극장식당,198644.069,450827.8618,126.9825517,37.55972585
9,9,9,3010000,3010000-102-1978-02496,영업/정상,68.03,서울특별시 중구 북창동 98-0,서울특별시 중구 남대문로1길 26 (북창동),4526,직장인 노래밤,룸살롱,197945.8254,451102.6517,126.9746482,37.56220033
10,10,10,3010000,3010000-102-1982-02548,영업/정상,108.3,서울특별시 중구 초동 21-2번지 ,서울특별시 중구 을지로14길 30 (초동),4550,축제,비어(바)살롱,199226.8476,451398.6012,126.9891468,37.56486886
11,11,11,3010000,3010000-102-1983-02549,영업/정상,90.25,서울특별시 중구 남대문로5가 63-7,,,수노래빠,비어(바)살롱,197477.0608,450610.7464,126.9693444,37.55776712
12,12,12,3010000,3010000-102-1984-02518,영업/정상,142.28,서울특별시 중구 충무로4가 155-2 ,서울특별시 중구 퇴계로37길 22 (충무로4가),4557,뉴리멤버,룸살롱,199374.9445,451101.6226,126.9908234,37.56219324
13,13,13,3010000,3010000-102-1985-02441,영업/정상,16.71,서울특별시 중구 황학동 371-47번지 ,서울특별시 중구 퇴계로83길 22-10 (황학동),4576,장미,간이주점,201607.8078,451587.0131,127.0160965,37.56656552
14,14,14,3010000,3010000-102-1985-02484,영업/정상,69,서울특별시 중구 황학동 629-0 ,,,못잊어,룸살롱,201767.0854,451555.4778,127.0178993,37.56628111
15,15,15,3010000,3010000-102-1985-02499,영업/정상,94.31,서울특별시 중구 필동1가 10-9번지 ,,,충무노래크럽,룸살롱,199213.2817,451032.5659,126.9889937,37.56157091
16,16,16,3010000,3010000-102-1985-02567,영업/정상,86.25,서울특별시 중구 충무로3가 30-14 ,서울특별시 중구 충무로 21-3 (충무로3가),4555,휘,비어(바)살롱,199282.2568,451198.8262,126.9897742,37.56306896
17,17,17,3010000,3010000-102-1985-02582,영업/정상,51.29,서울특별시 중구 신당동 100-7번지 1층 ,서울특별시 중구 퇴계로78길 6 (신당동, 1층),4577,2020-05-09 02:40:00,201409.5386,451421.1355,127.013852,37.56507129
18,18,18,3010000,3010000-102-1985-02588,영업/정상,19.5,서울특별시 중구 방산동 70-4번지 ,서울특별시 중구 동호로 386 (방산동),4562,재희,스텐드바,200139.5047,451844.3507,126.9994769,37.56888539
19,19,19,3010000,3010000-102-1985-02612,영업/정상,108.23,서울특별시 중구 을지로3가 296-11번지 ,서울특별시 중구 을지로14길 13 (을지로3가),4550,스타,룸살롱,199247.5208,451490.6847,126.9893807,37.56569854
20,20,20,3010000,3010000-102-1985-02645,영업/정상,110.73,서울특별시 중구 을지로4가 109-1 ,서울특별시 중구 을지로33길 33 (을지로4가),4546,그린,극장식당,199821.2248,451658.2965,126.9958743,37.56720904
21,21,21,3010000,3010000-102-1986-02580,영업/정상,98.1,서울특별시 중구 충무로4가 150-0 ,서울특별시 중구 충무로2길 16 (충무로4가),4557,팡팡노래짱,스텐드바,199401.9087,451134.1317,126.9911285,37.56248616
22,22,22,3010000,3010000-102-1986-02621,영업/정상,110.43,서울특별시 중구 황학동 737-0,서울특별시 중구 퇴계로 423-6 (황학동),4576,스타타임,극장식당,201585.646,451516.9947,127.0158455,37.5659347
23,23,23,3010000,3010000-102-1986-02648,영업/정상,99,서울특별시 중구 충무로2가 60-3 지하1층,서울특별시 중구 삼일대로 299 (충무로2가, 지하1층),4537,2021-11-01 22:03:00,198911.8064,451032.3161,126.9855816,37.56156833
24,24,24,3010000,3010000-102-1987-02498,영업/정상,447.74,서울특별시 중구 을지로5가 133-1번지 ,서울특별시 중구 을지로38길 20 (을지로5가),4561,소피아,룸살롱,200225.9831,451511.2628,127.0004557,37.5658843
25,25,25,3010000,3010000-102-1989-02576,영업/정상,430.27,서울특별시 중구 북창동 21-0 ,서울특별시 중구 세종대로 64 (북창동),,나이아가라,룸살롱,197913.7334,451077.0816,126.9742851,37.56196988
26,26,26,3010000,3010000-102-1999-02663,영업/정상,92.4,서울특별시 중구 황학동 730번지 ,서울특별시 중구 퇴계로 429 (황학동),4576,서울관 70/80,카바레,201641.9495,451512.7434,127.0164828,37.5658963
27,27,27,3010000,3010000-102-1999-11796,영업/정상,296,서울특별시 중구 충무로2가 60-3번지 신관지하1층 ,서울특별시 중구 삼일대로 299, 지하1층 (충무로2가),4537,2019-02-28 02:40:00,198911.8064,451032.3161,126.9855816,37.56156833
28,28,28,3010000,3010000-102-1999-11816,영업/정상,91.76,서울특별시 중구 남대문로5가 19-4번지 지상2층 ,서울특별시 중구 세종대로 26 (남대문로5가,지상2층),4527,2018-08-31 23:59:59,197671.9552,450714.5172,126.9715498,37.55870261
29,29,29,3010000,3010000-102-1999-11837,영업/정상,97.15,서울특별시 중구 필동2가 53-0번지 ,서울특별시 중구 퇴계로 226 (필동2가),4624,귀빈노래팡,룸살롱,199652.5966,451038.8914,126.9939659,37.5616282
30,30,30,3010000,3010000-102-1999-11865,영업/정상,60.83,서울특별시 중구 북창동 94-7번지 ,서울특별시 중구 남대문로1길 26-13 (북창동),4526,요꼬하마비지니스,룸살롱,197993.2939,451119.0583,126.9751854,37.56234826
31,31,31,3010000,3010000-102-1999-11913,영업/정상,73.79,서울특별시 중구 오장동 139-8,서울특별시 중구 마른내로 125 (오장동),4547,슈가,룸살롱,200096.3491,451381.7035,126.9989884,37.56471699
32,32,32,3010000,3010000-102-1999-11924,영업/정상,83.23,서울특별시 중구 을지로3가 296-1,서울특별시 중구 충무로 51 (을지로3가),4550,보림7080,스텐드바,199267.4789,451500.9779,126.9896066,37.5657913
33,33,33,3010000,3010000-102-1999-11947,영업/정상,95,서울특별시 중구 저동2가 47-3번지 ,서울특별시 중구 수표로12길 8 (저동2가),4555,발리,룸살롱,199100.4129,451298.4147,126.9877159,37.56396607
34,34,34,3010000,3010000-102-1999-12132,영업/정상,187.34,서울특별시 중구 북창동 20-3 3층 ,,,김미김미,룸살롱,197911.394,451104.0823,126.9742585,37.56221314
35,35,35,3010000,3010000-102-1999-12159,영업/정상,95,서울특별시 중구 을지로2가 163-5 ,서울특별시 중구 을지로 78 (을지로2가),4538,선물,룸살롱,198740.4931,451509.1147,126.9836417,37.56586401
36,36,36,3010000,3010000-102-1999-12187,영업/정상,34.1,서울특별시 중구 오장동 139-17번지 ,서울특별시 중구 마른내로 123 (오장동),4547,명동노래주점뱅크,간이주점,200087.0293,451381.6003,126.9988829,37.56471607
37,37,37,3010000,3010000-102-1999-12212,영업/정상,145.88,서울특별시 중구 광희동1가 182-21,서울특별시 중구 을지로44길 13 (광희동1가),4561,타이밍,룸살롱,200523.2919,451462.6255,127.0038209,37.56544598
38,38,38,3010000,3010000-102-1999-12223,영업/정상,66.61,서울특별시 중구 저동2가 80-5번지 ,서울특별시 중구 수표로 51 (저동2가),4551,라이브노래주점,간이주점,199017.6547,451486.9589,126.9867789,37.56566474
39,39,39,3010000,3010000-102-1999-12241,영업/정상,54.8,서울특별시 중구 충무로3가 57-5번지 ,서울특별시 중구 수표로2길 29 (충무로3가),4554,오렌지 노래클럽,룸살롱,199235.3389,451113.1481,126.9892433,37.56229697
40,40,40,3010000,3010000-102-1999-12277,영업/정상,68.22,서울특별시 중구 다동 50-0번지 ,서울특별시 중구 다동길 17 (다동),4521,킹카노래주점,룸살롱,198191.2382,451735.1001,126.9774243,37.56789915
41,41,41,3010000,3010000-102-1999-12304,영업/정상,73.35,서울특별시 중구 오장동 206-37,서울특별시 중구 마른내로 124 (오장동),4559,차차차노래터,룸살롱,200087.8257,451349.24,126.998892,37.5644245
42,42,42,3010000,3010000-102-1999-12316,영업/정상,84.85,서울특별시 중구 을지로1가 37-0번지 (4층) ,서울특별시 중구 을지로1길 15 (을지로1가,(4층)),4523,2020-05-22 02:40:00,198139.29,451612.4388,126.9768366,37.56679388
43,43,43,3010000,3010000-102-1999-12399,영업/정상,59.48,서울특별시 중구 저동1가 90-6번지 ,서울특별시 중구 명동길 89-2 (저동1가),4538,퀸,룸살롱,198858.1964,451698.9042,126.9849737,37.56757415
44,44,44,3010000,3010000-102-1999-12426,영업/정상,43.68,서울특별시 중구 북창동 20-3번지 (지상3,4층) ,서울특별시 중구 세종대로 66-11, 3층,2015-03-18 16:11:35,197911.394,451104.0823,126.9742585,37.56221314
45,45,45,3010000,3010000-102-1999-12427,영업/정상,94,서울특별시 중구 다동 58-1 지하1층 ,서울특별시 중구 다동길 33, 지하1층 (다동),4521,2021-05-30 02:40:00,198264.7839,451746.9218,126.9782567,37.56800581
46,46,46,3010000,3010000-102-2000-12561,영업/정상,110.13,서울특별시 중구 남창동 169-4번지 지하1층 ,서울특별시 중구 퇴계로 38 (남창동,지하1층),4635,2018-08-31 23:59:59,197913.8141,450584.5475,126.9742874,37.5575322
47,47,47,3010000,3010000-102-2000-12602,영업/정상,48.92,서울특별시 중구 을지로3가 296-2번지 지하1층 ,서울특별시 중구 충무로 49-1 (을지로3가, 지하1층),4550,2018-08-31 23:59:59,199269.5279,451465.0422,126.9896298,37.56546752
48,48,48,3010000,3010000-102-2000-12640,영업/정상,56.4,서울특별시 중구 수표동 62-4번지 ,서울특별시 중구 청계천로 106 (수표동),4542,귀빈,룸살롱,198984.5044,451729.0974,126.9864033,37.56784634
49,49,49,3010000,3010000-102-2000-12712,영업/정상,99,서울특별시 중구 서소문동 89-0번지 ,서울특별시 중구 서소문로 128-3 (서소문동),4514,Bugs,룸살롱,197770.9203,451225.8832,126.9726682,37.56331022
50,50,50,3010000,3010000-102-2000-12758,영업/정상,87.88,서울특별시 중구 북창동 10-4번지 지하1층 ,서울특별시 중구 남대문로5길 47, 지하1층 (북창동),4526,2018-08-31 23:59:59,198044.6654,451236.6347,126.9757666,37.56340773
51,51,51,3010000,3010000-102-2000-12854,영업/정상,269.36,서울특별시 중구 다동 88-0 지하15호,서울특별시 중구 남대문로 117 (다동,지하15호),4522,2021-12-08 00:03:00,198367.639,451720.218,126.979421,37.56776541
52,52,52,3010000,3010000-102-2000-12874,영업/정상,95,서울특별시 중구 북창동 19-6 지상 2~3층,서울특별시 중구 세종대로14길 6-3 (북창동,지상 2~3층),4526,2022-12-04 22:05:00,197911.0953,451167.0272,126.9742549,37.56278027
53,53,53,3010000,3010000-102-2000-12895,영업/정상,48.71,서울특별시 중구 주교동 122-4 2층,서울특별시 중구 창경궁로8길 2-1 (주교동, 2층),4546,2021-10-31 00:06:00,199778.4621,451792.7299,126.9953902,37.56842025
54,54,54,3010000,3010000-102-2000-12940,영업/정상,91.26,서울특별시 중구 태평로1가 31-19번지 ,서울특별시 중구 무교로 17-25 (태평로1가),4520,체스,룸살롱,198035.465,451682.9081,126.9756612,37.56742858
55,55,55,3010000,3010000-102-2000-12949,영업/정상,82.97,서울특별시 중구 저동2가 76-6,서울특별시 중구 수표로 43 (저동2가),4551,또또와,룸살롱,199025.8253,451419.1703,126.9868715,37.56505398
56,56,56,3010000,3010000-102-2000-13054,영업/정상,73.6,서울특별시 중구 태평로2가 330-2번지 ,서울특별시 중구 서소문로 136 (태평로2가),4514,국민 노래밤,룸살롱,197821.0571,451248.7754,126.9732356,37.5635166
57,57,57,3010000,3010000-102-2000-13204,영업/정상,87.28,서울특별시 중구 광희동1가 187-2번지 ,서울특별시 중구 을지로44길 23 (광희동1가),4561,골드,룸살롱,200511.77,451411.7254,127.0036905,37.56498738
58,58,58,3010000,3010000-102-2000-13232,영업/정상,63,서울특별시 중구 신당동 247-14번지 ,서울특별시 중구 퇴계로 386-1 (신당동),4611,궁,룸살롱,201204.1147,451408.5865,127.0115269,37.5649585
59,59,59,3010000,3010000-102-2000-13343,영업/정상,98.95,서울특별시 중구 을지로3가 348-7 2층,서울특별시 중구 수표로 52-1 (을지로3가),4550,딸기노래짱,스텐드바,199046.1362,451509.6373,126.9871013,37.5658691
60,60,60,3010000,3010000-102-2000-13382,영업/정상,93.09,서울특별시 중구 을지로4가 316-1,서울특별시 중구 을지로20길 10-4 (을지로4가),4549,샤넬노래바,룸살롱,199500.4199,451531.4918,126.9922432,37.5660664
61,61,61,3010000,3010000-102-2000-13383,영업/정상,48.9,서울특별시 중구 중림동 69-8 지하1층,서울특별시 중구 청파로 437-1 (중림동,지하1층),4507,2021-11-01 00:06:00,197192.8104,450712.2255,126.9661269,37.5586806
62,62,62,3010000,3010000-102-2001-13411,영업/정상,84,서울특별시 중구 충무로4가 149-3번지 ,서울특별시 중구 충무로2길 20 (충무로4가),4557,모델비지니스클럽,룸살롱,199420.5863,451122.4438,126.9913399,37.56238087
63,63,63,3010000,3010000-102-2001-13506,영업/정상,122.69,서울특별시 중구 북창동 42-3번지 (2~3층) ,서울특별시 중구 남대문로1길 60 (북창동,(2~3층)),4526,2019-02-21 02:40:00,197968.205,451266.0076,126.9749011,37.5636722
64,64,64,3010000,3010000-102-2001-13565,영업/정상,96.85,서울특별시 중구 충무로2가 51-1번지 ,서울특별시 중구 삼일대로4길 14 (충무로2가),4553,보스,비어(바)살롱,199046.7949,451066.0381,126.9871093,37.56187232
65,65,65,3010000,3010000-102-2001-13579,영업/정상,118,서울특별시 중구 광희동1가 187-1,서울특별시 중구 을지로44길 19 (광희동1가),4561,앵콜,룸살롱,200512.2471,451433.391,127.0036959,37.56518259
66,66,66,3010000,3010000-102-2001-13660,영업/정상,82.3,서울특별시 중구 무학동 11-2 지하1층 ,서울특별시 중구 퇴계로 398 (무학동, 지하1층),4611,2021-11-20 02:40:00,201325.3842,451418.2186,127.0128995,37.56504513
67,67,67,3010000,3010000-102-2001-13670,영업/정상,75.63,서울특별시 중구 북창동 98-0번지 ,서울특별시 중구 남대문로1길 26 (북창동),4526,엔에스,노래클럽,197945.8254,451102.6517,126.9746482,37.56220033
68,68,68,3010000,3010000-102-2001-13825,영업/정상,92.5,서울특별시 중구 남대문로4가 3-13 ,서울특별시 중구 남대문로 16 (남대문로4가),4529,황제노래터유흥주점,룸살롱,197945.3755,450937.1058,126.9746436,37.56070878
69,69,69,3010000,3010000-102-2001-13826,영업/정상,66.06,서울특별시 중구 남대문로5가 63-20번지 1층 ,서울특별시 중구 세종대로 7 (남대문로5가, 1층),4512,2018-08-31 23:59:59,197519.4805,450619.071,126.9698244,37.55784225
70,70,70,3010000,3010000-102-2001-13879,영업/정상,74.89,서울특별시 중구 충무로4가 29-3,서울특별시 중구 퇴계로41길 13 (충무로4가),4556,도레미노래광장,룸살롱,199541.8713,451126.308,126.9927127,37.56241576
71,71,71,3010000,3010000-102-2001-13976,영업/정상,93.8,서울특별시 중구 충무로4가 130-3번지 외1(지상2층) ,서울특별시 중구 충무로2길 34-1 (충무로4가,외1(지상2층)),4557,2018-08-31 23:59:59,199489.1793,451106.9518,126.9921163,37.56224133
72,72,72,3010000,3010000-102-2001-13979,영업/정상,98.81,서울특별시 중구 초동 19-9 ,서울특별시 중구 을지로14길 27 (초동),4550,퇴근길노래주점짱,룸살롱,199247.6529,451416.8542,126.9893823,37.56503334
73,73,73,3010000,3010000-102-2001-13980,영업/정상,77.75,서울특별시 중구 황학동 809 지상 2층,서울특별시 중구 난계로11길 6 (황학동,지상 2층),4575,2021-12-08 23:07:00,201978.0741,451518.3053,127.0202874,37.56594578
74,74,74,3010000,3010000-102-2001-13982,영업/정상,98,서울특별시 중구 황학동 738 지하1층 ,서울특별시 중구 퇴계로 423-2 (황학동, 지하1층),4576,2020-12-06 02:40:00,201601.7862,451508.7369,127.0160282,37.56586027
75,75,75,3010000,3010000-102-2001-13983,영업/정상,59.5,서울특별시 중구 충무로4가 133-20 지상2층 ,서울특별시 중구 충무로2길 32-6 (충무로4가,지상2층),4557,2021-04-18 02:40:00,199465.0315,451099.7266,126.991843,37.56217622
76,76,76,3010000,3010000-102-2001-13984,영업/정상,85.69,서울특별시 중구 을지로5가 20-2 지하1층 ,서울특별시 중구 을지로 211 (을지로5가,지하1층),4546,2022-02-27 02:40:00,200071.612,451641.8571,126.9987084,37.56706095
77,77,77,3010000,3010000-102-2001-13985,영업/정상,82.5,서울특별시 중구 을지로3가 334-10번지 지하1층 ,서울특별시 중구 을지로12길 10 (을지로3가,지하1층),4550,2018-08-31 23:59:59,199143.905,451509.1502,126.9882079,37.56586482
78,78,78,3010000,3010000-102-2001-13986,영업/정상,108.16,서울특별시 중구 인현동1가 15-15 지하1층,서울특별시 중구 을지로20길 16 (인현동1가,지하1층),4549,2021-10-31 23:02:00,199507.4754,451488.4124,126.9923231,37.56567826
79,79,79,3010000,3010000-102-2001-13989,영업/정상,94.2,서울특별시 중구 광희동1가 130 지하1층,서울특별시 중구 을지로42길 11 (광희동1가,지하1층),4561,2022-12-05 22:08:00,200448.9723,451491.6664,127.0029797,37.56570767
80,80,80,3010000,3010000-102-2001-13991,영업/정상,98,서울특별시 중구 황학동 706-2 지하1층 ,서울특별시 중구 퇴계로 439-4 (황학동,지하1층),4576,2021-11-13 02:40:00,201775.039,451516.7714,127.0179892,37.56593236
81,81,81,3010000,3010000-102-2002-00003,영업/정상,57.06,서울특별시 중구 충무로4가 24-3 지하1층,서울특별시 중구 충무로2길 29 (충무로4가,지하1층),4556,2022-12-07 00:05:00,199481.3761,451138.5287,126.992028,37.56252583
82,82,82,3010000,3010000-102-2002-00004,영업/정상,40,서울특별시 중구 다동 58-1번지 4층 ,서울특별시 중구 다동길 33, 4층 (다동),4521,2018-08-31 23:59:59,198264.7839,451746.9218,126.9782567,37.56800581
83,83,83,3010000,3010000-102-2002-00006,영업/정상,62.91,서울특별시 중구 필동1가 10-6 지하1층 ,서울특별시 중구 퇴계로31길 9 (필동1가,지하1층),4554,2021-03-05 02:40:00,199238.8375,451039.7926,126.9892829,37.56163605
84,84,84,3010000,3010000-102-2002-00008,영업/정상,88.6,서울특별시 중구 인현동1가 97-2 지하1층 ,서울특별시 중구 마른내로 54-1 (인현동1가,지하1층),4556,2020-08-07 02:40:00,199389.2572,451326.8259,126.9909852,37.56422231
85,85,85,3010000,3010000-102-2002-00011,영업/정상,75.31,서울특별시 중구 중림동 128-21번지 지하1층 ,서울특별시 중구 청파로 427-3 (중림동,지하1층),4507,2018-08-31 23:59:59,197192.6878,450621.3195,126.9661259,37.55786154
86,86,86,3010000,3010000-102-2002-00012,영업/정상,81.52,서울특별시 중구 주교동 124-1 지하1층,서울특별시 중구 창경궁로 70, 지하1층 (주교동),4546,2022-12-06 22:06:00,199776.9708,451805.6567,126.9953733,37.56853672
87,87,87,3010000,3010000-102-2002-00017,영업/정상,26.32,서울특별시 중구 충무로3가 34-7번지 2층 ,서울특별시 중구 마른내로4길 36 (충무로3가,2층),4556,2019-10-10 02:40:00,199341.0002,451166.0663,126.9904391,37.56277384
88,88,88,3010000,3010000-102-2002-00020,영업/정상,151.28,서울특별시 중구 충무로3가 33-3번지 지하1층 ,서울특별시 중구 충무로 20 (충무로3가,지하1층),4556,2018-08-31 23:59:59,199337.1865,451182.9967,126.9903959,37.56292638
89,89,89,3010000,3010000-102-2002-00021,영업/정상,147.82,서울특별시 중구 을지로3가 5-6 ,서울특별시 중구 을지로 109 (을지로3가),4543,웰빙(Well - being),룸살롱,199055.2889,451579.3198,126.9872048,37.56649694
90,90,90,3010000,3010000-102-2002-00023,영업/정상,98,서울특별시 중구 광희동1가 187-5번지 지하1층 ,서울특별시 중구 을지로44길 27 (광희동1가,지하1층),4561,2018-08-31 23:59:59,200510.2867,451400.5619,127.0036737,37.5648868
91,91,91,3010000,3010000-102-2002-00025,영업/정상,79,서울특별시 중구 충무로3가 24-16 지하1층,서울특별시 중구 수표로 20-1 (충무로3가,지하1층),4555,2021-12-05 22:09:00,199090.1123,451196.2118,126.9875994,37.56304522
92,92,92,3010000,3010000-102-2002-00027,영업/정상,39.18,서울특별시 중구 광희동1가 175-2번지 2층 ,서울특별시 중구 마른내로 163 (광희동1가,2층),4561,2018-08-31 23:59:59,200477.2503,451376.271,127.0032997,37.56466796
93,93,93,3010000,3010000-102-2002-00030,영업/정상,70.76,서울특별시 중구 충무로4가 28-3번지 지상2층 ,서울특별시 중구 충무로2길 41, 2층 (충무로4가),4556,2018-08-31 23:59:59,199528.4791,451130.4988,126.9925611,37.56245351
94,94,94,3010000,3010000-102-2002-00032,영업/정상,87.88,서울특별시 중구 서소문동 89번지 (3층) ,서울특별시 중구 서소문로 128-3 (서소문동,(3층)),4514,2020-02-07 02:40:00,197770.9203,451225.8832,126.9726682,37.56331022
95,95,95,3010000,3010000-102-2002-00034,영업/정상,49.05,서울특별시 중구 황학동 632 (2층) ,서울특별시 중구 퇴계로87길 15-12 (황학동,(2층)),4576,2021-02-03 02:40:00,201742.6872,451552.4014,127.0176231,37.56625344
96,96,96,3010000,3010000-102-2002-00035,영업/정상,44.8,서울특별시 중구 충무로4가 15-18번지 (지상2층) ,,,오성,룸살롱,199447.9514,451139.1191,126.9916497,37.56253113
97,97,97,3010000,3010000-102-2002-00038,영업/정상,34.32,서울특별시 중구 수표동 56-14번지 (지하1층) ,서울특별시 중구 을지로9길 26 (수표동,(지하1층)),4542,2018-08-31 23:59:59,198933.3682,451641.1434,126.9858247,37.56705383
98,98,98,3010000,3010000-102-2002-00040,영업/정상,37.68,서울특별시 중구 충무로4가 132-5 (지하1층) ,서울특별시 중구 퇴계로 207 (충무로4가,(지하1층)),4557,2021-08-15 02:40:00,199471.2693,451041.0343,126.9919136,37.56164741
99,99,99,3010000,3010000-102-2002-00042,영업/정상,60.5,서울특별시 중구 인현동1가 87-16 (지하1층) ,서울특별시 중구 마른내로 58-1 (인현동1가,(지하1층)),4556,2021-04-18 02:40:00,199430.4178,451318.9648,126.991451,37.56415151
100,100,100,3010000,3010000-102-2002-00043,영업/정상,85.8,서울특별시 중구 충무로4가 22번지 지하1층 ,서울특별시 중구 충무로2길 27, 지하1층 (충무로4가),4556,2018-08-31 23:59:59,199463.5348,451139.1606,126.991826,37.56253152
101,101,101,3010000,3010000-102-2002-00046,영업/정상,114.71,서울특별시 중구 을지로3가 302-15번지 (지하1층) ,서울특별시 중구 충무로7길 19 (을지로3가,(지하1층)),4550,2018-09-05 23:59:59,199183.8349,451487.6491,126.9886599,37.56567113
102,102,102,3010000,3010000-102-2002-00047,영업/정상,89.6,서울특별시 중구 충무로3가 59-10 (지하1층),서울특별시 중구 수표로2길 7 (충무로3가,(지하1층)),4554,2022-12-05 23:01:00,199127.5345,451102.6862,126.9880231,37.5622026
103,103,103,3010000,3010000-102-2002-00050,영업/정상,92.38,서울특별시 중구 회현동1가 202-5번지 (지하1층) ,서울특별시 중구 남대문시장길 73-3 (회현동1가,(지하1층)),4529,2020-05-31 02:40:00,198162.2112,450968.5355,126.9770977,37.56099243
104,104,104,3010000,3010000-102-2002-00053,영업/정상,46.5,서울특별시 중구 충무로4가 26번지 2층 ,서울특별시 중구 마른내로6길 37, 2층 (충무로4가),4556,2018-08-31 23:59:59,199514.882,451135.5725,126.9924072,37.56249922
105,105,105,3010000,3010000-102-2002-00054,영업/정상,179,서울특별시 중구 충무로2가 50-5번지 (지하1층) ,,,쌍떼,룸살롱,199037.8253,451103.6808,126.9870078,37.56221147
106,106,106,3010000,3010000-102-2002-00058,영업/정상,73.27,서울특별시 중구 북창동 67-0 (2층),서울특별시 중구 남대문로1길 36 (북창동,(2층)),4526,2021-12-03 22:04:00,197940.657,451160.1579,126.9745896,37.56271845
107,107,107,3010000,3010000-102-2002-00059,영업/정상,98.66,서울특별시 중구 광희동1가 45-0번지 (지하1층) ,서울특별시 중구 을지로40길 18 (광희동1가,(지하1층)),4561,2018-08-31 23:59:59,200304.8355,451520.4342,127.0013483,37.56596691
108,108,108,3010000,3010000-102-2003-00002,영업/정상,57.64,서울특별시 중구 오장동 148-1번지 (2층) ,서울특별시 중구 을지로36길 40 (오장동,(2층)),4547,2018-08-31 23:59:59,200066.9845,451406.737,126.9986561,37.56494254
109,109,109,3010000,3010000-102-2003-00004,영업/정상,142.08,서울특별시 중구 주교동 43-25번지 지하1층 ,서울특별시 중구 창경궁로8길 24 (주교동, 지하1층),4546,2018-08-31 23:59:59,199893.2289,451824.9473,126.9966893,37.56871056
110,110,110,3010000,3010000-102-2003-00005,영업/정상,105.04,서울특별시 중구 신당동 120-4번지 (지하1층) ,서울특별시 중구 퇴계로 418-1 (신당동,(지하1층)),4577,2018-12-28 02:40:00,201533.0274,451450.058,127.0152498,37.56533169
111,111,111,3010000,3010000-102-2003-00008,영업/정상,64.35,서울특별시 중구 수표동 11-3번지 (지하1층) ,서울특별시 중구 을지로11길 29 (수표동,(지하1층)),4543,2019-10-17 02:40:00,199111.2743,451713.7062,126.9878383,37.56770781
112,112,112,3010000,3010000-102-2003-00009,영업/정상,24.78,서울특별시 중구 을지로3가 291-41번지 (2층) ,서울특별시 중구 충무로 52-1 (을지로3가,(2층)),4549,2018-08-31 23:59:59,199302.1633,451503.1103,126.9899992,37.56581054
113,113,113,3010000,3010000-102-2003-00010,영업/정상,76.75,서울특별시 중구 신당동 100-6번지 (2층) ,서울특별시 중구 퇴계로 406-2 (신당동,(2층)),4577,2019-01-02 02:40:00,201409.5028,451434.9342,127.0138516,37.56519562
114,114,114,3010000,3010000-102-2003-00012,영업/정상,92,서울특별시 중구 남대문로5가 17-3번지 (지하1층) ,서울특별시 중구 세종대로 22 (남대문로5가,(지하1층)),4527,2018-08-31 23:59:59,197663.3679,450691.4042,126.9714526,37.55849435
115,115,115,3010000,3010000-102-2003-00013,영업/정상,64.95,서울특별시 중구 충무로4가 24-6번지 (지상2층) ,서울특별시 중구 충무로2길 35 (충무로4가,(지상2층)),4556,2018-08-31 23:59:59,199499.7762,451127.1666,126.9922362,37.56242347
116,116,116,3010000,3010000-102-2003-00017,영업/정상,96.96,서울특별시 중구 광희동1가 191 (지하1층),서울특별시 중구 마른내로 167-1 (광희동1가,(지하1층)),4561,2021-12-07 00:08:00,200526.2174,451373.8233,127.003854,37.56464588
117,117,117,3010000,3010000-102-2003-00018,영업/정상,63.8,서울특별시 중구 오장동 148-18,서울특별시 중구 마른내로 121-1 (오장동),4547,로또노래주점,기타,200068.2636,451379.6005,126.9986705,37.56469805
118,118,118,3010000,3010000-102-2003-00019,영업/정상,92.22,서울특별시 중구 광희동1가 187-9번지 (지상2층) ,서울특별시 중구 을지로44길 21 (광희동1가,(지상2층)),4561,2020-02-21 02:40:00,200512.0053,451422.3573,127.0036931,37.56508317
119,119,119,3010000,3010000-102-2003-00022,영업/정상,75.48,서울특별시 중구 충무로3가 57-5번지 (지하1층) ,서울특별시 중구 수표로2길 29 (충무로3가,(지하1층)),4554,2018-08-31 23:59:59,199235.3389,451113.1481,126.9892433,37.56229697
120,120,120,3010000,3010000-102-2004-00002,영업/정상,64.2,서울특별시 중구 충무로3가 25-5 (지상2층) ,서울특별시 중구 마른내로2길 31 (충무로3가,(지상2층)),4555,2021-10-14 02:40:00,199181.4978,451200.5821,126.9886338,37.56308469
121,121,121,3010000,3010000-102-2004-00005,영업/정상,73.45,서울특별시 중구 광희동1가 38-1 (지하1층),서울특별시 중구 을지로38길 11 (광희동1가,(지하1층)),4561,2021-10-30 22:01:00,200271.3984,451530.9771,127.0009698,37.56606191
122,122,122,3010000,3010000-102-2004-00006,영업/정상,85.01,서울특별시 중구 흥인동 111 (지하1층) ,서울특별시 중구 다산로 255 (흥인동,(지하1층)),4569,2020-08-13 02:40:00,201336.0897,451505.7333,127.0130208,37.56583361
123,123,123,3010000,3010000-102-2004-00011,영업/정상,70.08,서울특별시 중구 충무로3가 35-3번지 외 1필지 (지상2층) ,서울특별시 중구 충무로2길 6 (충무로3가,외 1필지 (지상2층)),4557,2018-08-31 23:59:59,199352.4325,451134.7014,126.9905685,37.56249126
124,124,124,3010000,3010000-102-2004-00013,영업/정상,188.19,서울특별시 중구 북창동 82 (지하1층) ,서울특별시 중구 세종대로14길 26 (북창동,(지하1층)),4526,2021-11-05 02:40:00,197996.1588,451158.7589,126.9752178,37.56270597
125,125,125,3010000,3010000-102-2004-00014,영업/정상,88.94,서울특별시 중구 서소문동 90번지 외3필지(지하1층) ,서울특별시 중구 서소문로 130 (서소문동,외3필지(지하1층)),4514,2019-02-24 02:40:00,197772.4785,451236.8393,126.9726858,37.56340894
126,126,126,3010000,3010000-102-2004-00015,영업/정상,40.41,서울특별시 중구 충무로4가 131-4번지 외1필지(지상2층) ,서울특별시 중구 충무로2길 36 (충무로4가,외1필지(지상2층)),4557,2018-08-31 23:59:59,199498.2614,451106.8432,126.9922191,37.56224036
127,127,127,3010000,3010000-102-2004-00016,영업/정상,93.6,서울특별시 중구 초동 70-4 (지상3층),서울특별시 중구 마른내로 42 (초동,(지상3층)),4555,2021-10-31 22:06:00,199263.8038,451326.7212,126.9895652,37.56422126
128,128,128,3010000,3010000-102-2004-00017,영업/정상,66.54,서울특별시 중구 광희동1가 278번지 (지상2층) ,서울특별시 중구 동호로34길 28 (광희동1가,(지상2층)),4561,2018-08-31 23:59:59,200277.2336,451409.7685,127.0010358,37.56496983
129,129,129,3010000,3010000-102-2004-00018,영업/정상,57.16,서울특별시 중구 중림동 129-35 (지상2층) ,서울특별시 중구 청파로 425-2 (중림동,(지상2층)),4507,2022-01-20 02:40:00,197185.8737,450597.6152,126.9660489,37.55764795
130,130,130,3010000,3010000-102-2004-00020,영업/정상,49.59,서울특별시 중구 충무로3가 30-18 지상2층 ,서울특별시 중구 충무로 17-1 (충무로3가,지상2층),4555,2020-08-07 02:40:00,199298.82,451178.1399,126.9899617,37.56288259
131,131,131,3010000,3010000-102-2005-00002,영업/정상,66.08,서울특별시 중구 황학동 732-0 (지상1,2층),서울특별시 중구 퇴계로 427-3,1,2023-06-07 09:53:59,201624.7917,451518.8435,127.0162886,37.56595129
132,132,132,3010000,3010000-102-2005-00003,영업/정상,71.98,서울특별시 중구 남대문로5가 6-10번지 (지상2층) ,서울특별시 중구 세종대로1길 6 (남대문로5가,(지상2층)),4512,2018-08-31 23:59:59,197545.467,450663.3209,126.9701184,37.558241
133,133,133,3010000,3010000-102-2005-00007,영업/정상,98.34,서울특별시 중구 인현동1가 87-18 (지하1층),서울특별시 중구 마른내로 58 (인현동1가,(지하1층)),4556,2022-12-08 22:02:00,199419.6437,451319.5517,126.9913291,37.56415679
134,134,134,3010000,3010000-102-2005-00008,영업/정상,39.67,서울특별시 중구 초동 41-2 2층 ,서울특별시 중구 충무로 32, 2층 (초동),4556,2021-10-27 02:40:00,199317.3623,451297.524,126.9901714,37.56395824
135,135,135,3010000,3010000-102-2005-00009,영업/정상,64.71,서울특별시 중구 충무로4가 28-3번지 (지상1층) ,,,남산,기타,199528.4791,451130.4988,126.9925611,37.56245351
136,136,136,3010000,3010000-102-2005-00010,영업/정상,52.27,서울특별시 중구 광희동1가 188-4번지 (지하1층) ,서울특별시 중구 마른내로 165 (광희동1가,(지하1층)),4561,2018-08-31 23:59:59,200497.2121,451372.1816,127.0035257,37.5646311
137,137,137,3010000,3010000-102-2005-00011,영업/정상,82,서울특별시 중구 충무로3가 36-4 (지상2층),서울특별시 중구 충무로2길 2 (충무로3가,(지상2층)),4557,2021-12-08 23:07:00,199342.4446,451137.088,126.9904555,37.56251275
138,138,138,3010000,3010000-102-2005-00012,영업/정상,92.53,서울특별시 중구 충무로4가 133-1 (지상2층) ,서울특별시 중구 충무로2길 34 (충무로4가,(지상2층)),4557,2021-08-11 02:40:00,199482.561,451107.3638,126.9920414,37.56224504
139,139,139,3010000,3010000-102-2005-00013,영업/정상,88.17,서울특별시 중구 충무로3가 24-5 지상2층,서울특별시 중구 수표로 22-14, 2층 (충무로3가),4555,2022-12-03 00:01:00,199143.472,451193.9909,126.9882034,37.56302527
140,140,140,3010000,3010000-102-2005-00014,영업/정상,93.08,서울특별시 중구 광희동1가 164번지 (지상2층) ,서울특별시 중구 을지로44길 28 (광희동1가,(지상2층)),4561,2018-08-31 23:59:59,200477.8517,451407.8947,127.0033065,37.56495288
141,141,141,3010000,3010000-102-2005-00015,영업/정상,47.01,서울특별시 중구 충무로3가 34-8번지 (지상2층) ,서울특별시 중구 충무로2길 1 (충무로3가,(지상2층)),4556,2018-08-31 23:59:59,199341.1371,451158.1556,126.9904407,37.56270257
142,142,142,3010000,3010000-102-2005-00018,영업/정상,86.2,서울특별시 중구 충무로3가 24-6번지 (지상2층) ,서울특별시 중구 퇴계로27길 45 (충무로3가,(지상2층)),4555,2018-08-31 23:59:59,199150.0794,451207.9911,126.9882782,37.56315141
143,143,143,3010000,3010000-102-2006-00005,영업/정상,96.36,서울특별시 중구 광희동1가 98-0 (지하1층),서울특별시 중구 마른내로 155-1 (광희동1가,(지하1층)),4561,2022-12-01 22:04:00,200411.5221,451397.5414,127.0025558,37.56485963
144,144,144,3010000,3010000-102-2006-00006,영업/정상,97.02,서울특별시 중구 광희동1가 182-28 (지상2층),서울특별시 중구 을지로44길 17-5 (광희동1가,(지상2층)),4561,2021-12-05 23:06:00,200527.8613,451446.0759,127.0038726,37.56529687
145,145,145,3010000,3010000-102-2006-00009,영업/정상,98.7,서울특별시 중구 광희동1가 142 (지상3층) ,서울특별시 중구 을지로44길 10 (광희동1가,(지상3층)),4561,2020-11-18 02:40:00,200498.4975,451494.7068,127.0035403,37.56573504
146,146,146,3010000,3010000-102-2006-00010,영업/정상,59.09,서울특별시 중구 오장동 206-35번지 (지상2층) ,서울특별시 중구 마른내로 126 (오장동,(지상2층)),4559,2020-06-19 02:40:00,200094.2913,451350.1514,126.9989651,37.56443271
147,147,147,3010000,3010000-102-2006-00011,영업/정상,95.71,서울특별시 중구 회현동1가 92-6번지 (지하1층) ,서울특별시 중구 퇴계로8길 13 (회현동1가,(지하1층)),4634,2018-08-31 23:59:59,198164.2584,450703.5993,126.9771215,37.55860539
148,148,148,3010000,3010000-102-2006-00012,영업/정상,95.07,서울특별시 중구 서소문동 84번지 (지하1층) ,서울특별시 중구 서소문로 128-4 (서소문동,(지하1층)),4514,2018-08-31 23:59:59,197753.2396,451224.787,126.9724681,37.5633003
149,149,149,3010000,3010000-102-2006-00015,영업/정상,94.84,서울특별시 중구 인현동2가 100번지 (지상2층) ,서울특별시 중구 마른내로 68 (인현동2가,(지상2층)),4556,2018-08-31 23:59:59,199523.3489,451311.7359,126.9925029,37.56408644
150,150,150,3010000,3010000-102-2007-00001,영업/정상,64.99,서울특별시 중구 을지로6가 18-52 (지하1층),서울특별시 중구 을지로43길 15 (을지로6가,(지하1층)),4564,2021-12-07 22:06:00,200535.6133,451633.5052,127.0039605,37.56698558
151,151,151,3010000,3010000-102-2007-00005,영업/정상,94.76,서울특별시 중구 남대문로5가 84-4번지 외 3필지(84-1,1984-02-01 00:00:00,84-3) ,서울특별시 중구 세종대로 10 (남대문로5가,4527,197587.0789,450597.2482,126.9705895,37.55764581
152,152,152,3010000,3010000-102-2007-00006,영업/정상,42,서울특별시 중구 충무로4가 15-18번지 외1필지(15-20) (3층) ,,,브이아이피(VIP),룸살롱,199447.9514,451139.1191,126.9916497,37.56253113
153,153,153,3010000,3010000-102-2007-00007,영업/정상,95,서울특별시 중구 충무로4가 25번지 외1필지 (2층) ,서울특별시 중구 충무로2길 37 (충무로4가,외1필지 (2층)),4556,2018-08-31 23:59:59,199511.558,451125.3835,126.9923696,37.56240742
154,154,154,3010000,3010000-102-2007-00008,영업/정상,61.42,서울특별시 중구 충무로4가 25번지 외1필지 (3층) ,서울특별시 중구 충무로2길 37 (충무로4가,외1필지 (3층)),4556,2018-08-31 23:59:59,199511.558,451125.3835,126.9923696,37.56240742
155,155,155,3010000,3010000-102-2007-00010,영업/정상,96.52,서울특별시 중구 인현동2가 192-17 외2필지(지하1층) ,서울특별시 중구 퇴계로41길 47 (인현동2가,외2필지(지하1층)),4556,2021-09-05 02:40:00,199524.5309,451295.7295,126.9925163,37.56394222
156,156,156,3010000,3010000-102-2007-00011,영업/정상,94.78,서울특별시 중구 충무로4가 134-2번지 (지상2층) ,,,디바1004,룸살롱,199466.3178,451108.7132,126.9918576,37.56225719
157,157,157,3010000,3010000-102-2007-00012,영업/정상,64.73,서울특별시 중구 초동 53-22 (지상2층),서울특별시 중구 마른내로2길 27 (초동,(지상2층)),4555,2022-12-01 23:06:00,199198.6497,451216.4226,126.9888279,37.56322743
158,158,158,3010000,3010000-102-2007-00013,영업/정상,94.68,서울특별시 중구 무교동 12-1번지 ,서울특별시 중구 무교로 24 (무교동),4521,보물섬,룸살롱,198117.5253,451757.6239,126.9765898,37.56810194
159,159,159,3010000,3010000-102-2008-00001,영업/정상,93.45,서울특별시 중구 충무로3가 56-1 (지상3층) ,서울특별시 중구 수표로6길 32 (충무로3가,(지상3층)),4554,2020-06-27 02:40:00,199229.9205,451163.7958,126.9891819,37.56275329
160,160,160,3010000,3010000-102-2008-00002,영업/정상,90.37,서울특별시 중구 광희동1가 194-1번지 지하1층 ,서울특별시 중구 장충단로 221 (광희동1가,지하1층),4561,2019-09-11 02:40:00,200544.6107,451376.8531,127.0040621,37.56467317
161,161,161,3010000,3010000-102-2008-00003,영업/정상,88.54,서울특별시 중구 을지로3가 295-4 양지빌딩 ,서울특별시 중구 충무로7길 6, 양지빌딩 지하 1층 (을지로3가),4550,2020-11-07 02:40:00,199243.7197,451518.1977,126.9893377,37.56594643
162,162,162,3010000,3010000-102-2008-00007,영업/정상,94.89,서울특별시 중구 광희동1가 182-20번지 지하1층 ,서울특별시 중구 장충단로 229-9 (광희동1가,지하1층),4561,2018-08-31 23:59:59,200538.2033,451456.4171,127.0039897,37.56539004
163,163,163,3010000,3010000-102-2008-00010,영업/정상,89.16,서울특별시 중구 초동 62번지 지상2층 ,서울특별시 중구 마른내로2길 10 (초동,지상2층),4555,2018-11-04 02:36:00,199245.0206,451300.4269,126.9893526,37.56398434
164,164,164,3010000,3010000-102-2008-00011,영업/정상,89.78,서울특별시 중구 충무로3가 25-12 ,서울특별시 중구 수표로6길 25, 2층 (충무로3가, 남정빌딩),U,199205.2541,451196.6405,126.9889027,37.5630492
165,165,165,3010000,3010000-102-2008-00012,영업/정상,77.59,서울특별시 중구 북창동 99-3번지 지상2,3층 ,서울특별시 중구 남대문로1길 22 (북창동,지상2,2020-05-11 17:58:56,197947.6512,451086.9598,126.9746689,37.56205896
166,166,166,3010000,3010000-102-2009-00001,영업/정상,83,서울특별시 중구 남대문로5가 84-20번지 지상2층 ,서울특별시 중구 세종대로2길 6 (남대문로5가,지상2층),4527,2018-08-31 23:59:59,197597.0473,450595.1168,126.9707024,37.55762663
167,167,167,3010000,3010000-102-2009-00003,영업/정상,39.67,서울특별시 중구 초동 40-4 지상2층,서울특별시 중구 충무로 26-1 (초동,지상2층),4556,2021-12-04 00:02:00,199325.0134,451250.997,126.9902581,37.56353905
168,168,168,3010000,3010000-102-2009-00004,영업/정상,99,서울특별시 중구 황학동 738 지하1층 ,서울특별시 중구 퇴계로 425-1 (황학동, 지하1층),4576,2021-02-03 02:40:00,201601.7862,451508.7369,127.0160282,37.56586027
169,169,169,3010000,3010000-102-2009-00005,영업/정상,76.71,서울특별시 중구 황학동 703-1 (지층1),서울특별시 중구 퇴계로 439-6 (황학동,(지층1)),4576,2022-12-06 23:09:00,201762.7658,451528.7024,127.0178504,37.56603987
170,170,170,3010000,3010000-102-2009-00010,영업/정상,62,서울특별시 중구 황학동 732 2층 ,서울특별시 중구 퇴계로 427-2, 2층 (황학동),4576,2022-02-10 02:40:00,201624.7917,451518.8435,127.0162886,37.56595129
171,171,171,3010000,3010000-102-2010-00003,영업/정상,99.1,서울특별시 중구 을지로1가 37-0번지 지하1층 ,서울특별시 중구 을지로1길 15 (을지로1가,지하1층),4523,2018-08-31 23:59:59,198139.29,451612.4388,126.9768366,37.56679388
172,172,172,3010000,3010000-102-2010-00004,영업/정상,85.15,서울특별시 중구 을지로1가 37-0번지 지하2층 ,서울특별시 중구 을지로1길 15 (을지로1가,지하2층),4523,2018-08-31 23:59:59,198139.29,451612.4388,126.9768366,37.56679388
173,173,173,3010000,3010000-102-2010-00008,영업/정상,92.89,서울특별시 중구 남대문로5가 84-1번지 2호,3호(지상4층) ,서울특별시 중구 세종대로 10-2 (남대문로5가,2호,2017-06-22 10:17:26,197593.6893,450607.5048,126.9706643,37.55773824
174,174,174,3010000,3010000-102-2010-00009,영업/정상,73.79,서울특별시 중구 초동 19-2번지 2층 ,서울특별시 중구 충무로 39, 2층 (초동),4550,2018-08-31 23:59:59,199279.1736,451377.7895,126.9897391,37.5646814
175,175,175,3010000,3010000-102-2010-00010,영업/정상,95.01,서울특별시 중구 무교동 21-3 지하1층 ,서울특별시 중구 무교로 12 (무교동,지하1층),4522,2021-05-16 02:40:00,198109.6173,451640.774,126.9765006,37.56704912
176,176,176,3010000,3010000-102-2010-00012,영업/정상,99,서울특별시 중구 충무로4가 32-16 (지하1층) ,서울특별시 중구 창경궁로1길 38 (충무로4가,(지하1층)),4558,2021-10-01 02:40:00,199606.1113,451137.8958,126.9934398,37.5625202
177,177,177,3010000,3010000-102-2011-00002,영업/정상,100.89,서울특별시 중구 초동 70-8 ,서울특별시 중구 마른내로2길 6 (초동),4555,Seven 노래빠,기타,199257.1139,451318.6552,126.9894895,37.56414858
178,178,178,3010000,3010000-102-2011-00003,영업/정상,90,서울특별시 중구 남대문로5가 63-9 지하1층 ,서울특별시 중구 세종대로 3-1 (남대문로5가,지하1층),4512,2020-09-25 02:40:00,197497.2271,450603.6043,126.9695726,37.55770283
179,179,179,3010000,3010000-102-2011-00005,영업/정상,42.2,서울특별시 중구 충무로3가 25-2 지하1층 ,서울특별시 중구 수표로6길 25-1 (충무로3가,지하1층),4555,2021-04-18 02:40:00,199216.2606,451202.9019,126.9890272,37.56310562
180,180,180,3010000,3010000-102-2011-00007,영업/정상,98.66,서울특별시 중구 충무로3가 59-11번지 2층 ,서울특별시 중구 수표로2길 5 (충무로3가, 2층),4554,2018-08-31 23:59:59,199119.114,451114.4484,126.9879278,37.56230857
181,181,181,3010000,3010000-102-2012-00001,영업/정상,82.96,서울특별시 중구 충무로3가 33-1 ,서울특별시 중구 충무로 20-1, 지하1층 (충무로3가),4556,2022-01-30 02:40:00,199333.5264,451192.1616,126.9903545,37.56300895
182,182,182,3010000,3010000-102-2012-00002,영업/정상,94.79,서울특별시 중구 초동 53-20번지 지상 3층 ,서울특별시 중구 마른내로2길 25-1 (초동, 지상 3층),4555,2018-08-31 23:59:59,199203.7274,451223.1966,126.9888853,37.56328846
183,183,183,3010000,3010000-102-2012-00003,영업/정상,97.37,서울특별시 중구 초동 107-5번지 지상3층 ,서울특별시 중구 을지로12길 29 (초동),4550,시크릿,룸살롱,199122.2527,451406.2876,126.9879629,37.56493801
184,184,184,3010000,3010000-102-2012-00004,영업/정상,90.69,서울특별시 중구 북창동 71-2번지 삼영빌딩 3층 ,서울특별시 중구 남대문로1길 30, 북창동동 (북창동, 삼영빌딩 3층),I,197945.5493,451122.4688,126.974645,37.56237888
185,185,185,3010000,3010000-102-2012-00005,영업/정상,92.04,서울특별시 중구 광희동1가 182-39 지상2층 ,서울특별시 중구 마른내로 167-42 (광희동1가, 지상2층),4561,2021-02-03 02:40:00,200525.4757,451430.6124,127.0038456,37.56515754
186,186,186,3010000,3010000-102-2013-00001,영업/정상,86.35,서울특별시 중구 충무로3가 59-6 지하1층,서울특별시 중구 수표로2길 15 (충무로3가, 지하1층),4554,2021-12-08 00:07:00,199164.3509,451104.739,126.9884398,37.56222114
187,187,187,3010000,3010000-102-2013-00002,영업/정상,39.6,서울특별시 중구 을지로3가 291-40번지 지상2층 ,서울특별시 중구 충무로 52 (을지로3가, 지상2층),4549,2018-08-31 23:59:59,199303.3043,451498.0503,126.9900121,37.56576495
188,188,188,3010000,3010000-102-2014-00001,영업/정상,73.61,서울특별시 중구 충무로3가 51-8 지하1층 ,서울특별시 중구 퇴계로31길 14 (충무로3가, 지하1층),4554,2021-02-03 02:40:00,199258.2768,451059.1253,126.9895029,37.56181025
189,189,189,3010000,3010000-102-2014-00002,영업/정상,523.09,서울특별시 중구 다동 155번지 YG빌딩 지하1층 ,서울특별시 중구 남대문로9길 40 (다동, YG빌딩 지하1층),4522,2019-01-04 02:40:00,198193.5344,451650.9558,126.9774505,37.56714103
190,190,190,3010000,3010000-102-2014-00005,영업/정상,74.14,서울특별시 중구 충무로3가 30-19번지 2층 ,서울특별시 중구 충무로 17 (충무로3가, 2층),4555,2018-08-31 23:59:59,199301.7995,451171.4689,126.9899954,37.56282249
191,191,191,3010000,3010000-102-2014-00006,영업/정상,99,서울특별시 중구 충무로3가 25-10 지상2층,서울특별시 중구 수표로6길 27, 2층 (충무로3가),4555,2021-12-07 23:03:00,199213.9431,451187.6028,126.989001,37.56296778
192,192,192,3010000,3010000-102-2015-00001,영업/정상,78,서울특별시 중구 을지로3가 342-1번지 지상2층 ,서울특별시 중구 을지로 114-3, 2층 (을지로3가),4550,2018-08-31 23:59:59,199105.2187,451530.9322,126.98777,37.56606103
193,193,193,3010000,3010000-102-2015-00002,영업/정상,36.52,서울특별시 중구 광희동1가 175-2번지 지상3층 ,서울특별시 중구 마른내로 163, 3층 (광희동1가),4561,2018-08-31 23:59:59,200477.2503,451376.271,127.0032997,37.56466796
194,194,194,3010000,3010000-102-2015-00003,영업/정상,92.38,서울특별시 중구 북창동 103-2번지 2층 ,서울특별시 중구 세종대로12길 25 (북창동, 2층),4526,2019-03-24 02:40:00,197967.6984,451078.8212,126.9748959,37.56198567
195,195,195,3010000,3010000-102-2015-00004,영업/정상,52.15,서울특별시 중구 북창동 118 2층,서울특별시 중구 남대문로1길 16 (북창동, 2층),4526,2021-12-04 00:01:00,197958.2625,451056.1464,126.9747891,37.56178136
196,196,196,3010000,3010000-102-2016-00001,영업/정상,87.34,서울특별시 중구 을지로3가 95-4번지 2층 ,서울특별시 중구 충무로9길 12 (을지로3가, 2층),4543,2018-08-31 23:59:59,199207.0019,451638.4254,126.9889219,37.56702963
197,197,197,3010000,3010000-102-2016-00002,영업/정상,80.56,서울특별시 중구 남대문로5가 18-2번지 지하1 ,서울특별시 중구 세종대로2가길 23, 지하1층 (남대문로5가),4527,2018-08-31 23:59:59,197704.3304,450666.0782,126.9719163,37.55826627
198,198,198,3010000,3010000-102-2016-00003,영업/정상,88.8,서울특별시 중구 북창동 20-2번지 2층 ,서울특별시 중구 남대문로1길 25, 2층 (북창동),4526,2018-08-31 23:59:59,197922.9157,451101.9005,126.9743889,37.56219351
199,199,199,3010000,3010000-102-2016-00004,영업/정상,89.32,서울특별시 중구 황학동 740 2층 ,서울특별시 중구 퇴계로 421, 2층 (황학동),4576,2021-07-14 02:40:00,201557.1396,451515.1247,127.0155229,37.5659179
200,200,200,3010000,3010000-102-2017-00001,영업/정상,85.95,서울특별시 중구 충무로3가 56-5 2층,서울특별시 중구 수표로6길 24 (충무로3가, 2층),4554,2021-10-30 23:06:00,199192.9453,451165.0011,126.9887634,37.56276412
201,201,201,3010000,3010000-102-2017-00002,영업/정상,98.64,서울특별시 중구 초동 17-2번지 태창빌딩 ,서울특별시 중구 충무로4길 5, 태창빌딩 지하1층 (초동),4549,2018-08-31 23:59:59,199327.2686,451427.9924,126.9902834,37.56513376
202,202,202,3010000,3010000-102-2018-00001,영업/정상,51.2,서울특별시 중구 명동1가 45-1번지 ,서울특별시 중구 명동7길 18, 3층 (명동1가),4534,2018-12-06 02:20:08,198556.1416,451362.7705,126.9815554,37.56454518
203,203,203,3010000,3010000-102-2020-00002,영업/정상,83.7,서울특별시 중구 황학동 371-38 신라여관 ,서울특별시 중구 퇴계로83길 12-16, 2층 (황학동),4576,2020-07-11 00:23:16,201596.0808,451564.7778,127.0159637,37.5663652
204,204,204,3010000,3010000-102-2021-00001,영업/정상,85.95,서울특별시 중구 충무로3가 28-2 ,서울특별시 중구 수표로6길 37-1, 2층 (충무로3가),4555,2021-01-27 00:23:03,199268.7785,451180.5365,126.9896217,37.56290416
205,205,205,3010000,3010000-102-2022-00001,영업/정상,389.88,서울특별시 중구 북창동 122,서울특별시 중구 남대문로1길 8-1, 지하1-2층 (북창동),4526,2021-12-07 22:05:00,197959.8106,451024.3296,126.9748067,37.56149469
206,206,206,3010000,3010000-102-2022-00002,영업/정상,391.17,서울특별시 중구 충무로4가 125-3 일흥빌딩,서울특별시 중구 퇴계로 213, 일흥빌딩 지하1층 (충무로4가),4557,2022-12-06 22:06:00,199532.0845,451067.1947,126.9926019,37.56188315
207,207,207,3010000,3010000-102-2022-00003,영업/정상,98.35,서울특별시 중구 을지로6가 23,서울특별시 중구 을지로 254, 지하1층 B102호 (을지로6가),4561,2021-11-01 00:03:00,200488.7712,451524.8783,127.0034302,37.56600689
208,208,208,3010000,3010000-102-2022-00005,영업/정상,193.75,서울특별시 중구 광희동1가 145-2,서울특별시 중구 을지로44길 18-4, 동대문디플레이스 지하2층 (광희동1가),4561,2021-11-01 21:00:00,200488.5942,451461.8204,127.0034282,37.56543874
209,209,3010000,3010000-103-1993-02336,영업/정상,43.38,100195,서울특별시 중구 을지로5가 274-1번지 274-20 ,서울특별시 중구 동호로35길 5 (을지로5가,274-20),4547,2021-11-02 21:00:00,200110.3353,451549.0544,126.9991467,37.56622481
210,210,3010000,3010000-103-1993-02354,영업/정상,109.28,100819,서울특별시 중구 신당동 131-11 ,서울특별시 중구 다산로44길 48 (신당동),4577,55번지,2021-11-03 21:00:00,201659.354,451410.9938,127.0166796,37.56497952
211,211,3010000,3010000-103-1993-02357,영업/정상,107.52,100861,서울특별시 중구 충무로2가 65-13번지 ,서울특별시 중구 퇴계로 123 (충무로2가),4536,뮤직인터뷰,2021-11-04 21:00:00,198650.9613,450980.8639,126.9826294,37.56110439
212,212,3010000,3010000-103-1993-02363,영업/정상,122.05,100-819,서울특별시 중구 신당동 120-16,서울특별시 중구 다산로44길 19 (신당동),4577,또또클럽,2021-11-05 21:00:00,201523.098,451422.9355,127.0151374,37.56508734
213,213,3010000,3010000-103-1993-02376,영업/정상,114.06,100855,서울특별시 중구 장충동2가 186-38번지 ,서울특별시 중구 동호로 288 (장충동2가),4617,일년후(1년후),2021-11-06 21:00:00,200206.1757,450882.1867,127.0002314,37.56021639
214,214,3010000,3010000-103-1993-02379,영업/정상,86.24,100-819,서울특별시 중구 신당동 142-1 지하1층,서울특별시 중구 다산로44길 66, 지하1층 (신당동),4578,2021-11-07 21:00:00,201753.8414,451415.4454,127.0177491,37.56501946
215,215,3010000,3010000-103-1993-02389,영업/정상,142.66,100893,서울특별시 중구 신당동 370-29 ,서울특별시 중구 다산로 146 (신당동),4590,보이스노래짱,2021-11-08 21:00:00,200983.447,450479.2989,127.009028,37.55658597
216,216,3010000,3010000-103-1993-02391,영업/정상,116.75,100819,서울특별시 중구 신당동 110-10 ,서울특별시 중구 다산로44길 15 (신당동),4577,나그네,2021-11-09 21:00:00,201501.4886,451419.1997,127.0148928,37.56505371
217,217,3010000,3010000-103-1993-02408,영업/정상,78.97,100300,서울특별시 중구 초동 19-4번지 ,서울특별시 중구 마른내로 41 (초동),4550,일번지,2021-11-10 21:00:00,199267.1079,451366.7791,126.9896026,37.56458218
218,218,3010000,3010000-103-1993-02428,영업/정상,61.17,100869,서울특별시 중구 황학동 641-0번지 ,서울특별시 중구 퇴계로87길 32 (황학동),4575,영미단란주점,2021-11-11 21:00:00,201797.8723,451628.4699,127.018248,37.5669387
219,219,3010000,3010000-103-1994-02253,영업/정상,52.26,100859,서울특별시 중구 중림동 398-6번지 ,서울특별시 중구 서소문로 12 (중림동),4503,마당쇠,2021-11-12 21:00:00,196691.2699,450743.6754,126.9604505,37.55896226
220,220,3010000,3010000-103-1994-02304,영업/정상,126.44,100826,서울특별시 중구 신당동 340-77,서울특별시 중구 다산로 156 (신당동),4590,투썸,2021-11-13 21:00:00,201032.7432,450590.3635,127.0095861,37.5575866
221,221,3010000,3010000-103-1994-02324,영업/정상,137.3,100865,서울특별시 중구 태평로2가 331-0번지 ,서울특별시 중구 서소문로 134-5 (태평로2가),4514,직장인을위한국민노래밤,2021-11-14 21:00:00,197811.9519,451240.6395,126.9731326,37.56344327
222,222,3010000,3010000-103-1995-02170,영업/정상,105.69,100420,서울특별시 중구 무학동 65번지 지하1층 ,서울특별시 중구 다산로39길 19, 지하1층 (무학동),4611,2021-11-15 21:00:00,201238.604,451346.1974,127.0119172,37.56439634
223,223,3010000,3010000-103-1995-02189,영업/정상,116.18,100855,서울특별시 중구 장충동2가 7-1번지 ,서울특별시 중구 퇴계로56길 51 (장충동2가),4616,수 노래팡팡,2021-11-16 21:00:00,200435.424,451035.4662,127.0028261,37.56159736
224,224,3010000,3010000-103-1995-02196,영업/정상,101.51,100420,서울특별시 중구 무학동 33-0번지 ,서울특별시 중구 퇴계로76길 30 (무학동),4611,짱 7080,2021-11-17 21:00:00,201273.5838,451300.0261,127.012313,37.5639803
225,225,3010000,3010000-103-1995-02197,영업/정상,140.58,100080,서울특별시 중구 북창동 10-4번지 삼흥빌딩 지하1층 ,서울특별시 중구 남대문로5길 47, 삼흥빌딩 지하1층 (북창동),4526,2021-11-18 21:00:00,198044.6654,451236.6347,126.9757666,37.56340773
226,226,3010000,3010000-103-1995-02202,영업/정상,47.47,100300,서울특별시 중구 초동 21-12번지 ,서울특별시 중구 을지로14길 28 (초동),4550,안나,2021-11-19 21:00:00,199230.8907,451412.7313,126.9891926,37.56499618
227,227,3010000,3010000-103-1995-02204,영업/정상,144.38,100021,서울특별시 중구 명동1가 34-1,서울특별시 중구 명동9길 13 (명동1가),4534,앤디,2021-11-20 21:00:00,198586.0229,451347.3162,126.9818937,37.56440598
228,228,3010000,3010000-103-1995-02215,영업/정상,53.62,100819,서울특별시 중구 신당동 110-13번지 ,서울특별시 중구 다산로44길 11 (신당동),4577,프라다,2021-11-21 21:00:00,201484.2103,451415.9629,127.0146972,37.56502458
229,229,3010000,3010000-103-1995-02220,영업/정상,139.79,100-855,서울특별시 중구 장충동2가 188-8 지하1층,서울특별시 중구 동호로24길 19-21 (장충동2가, 지하1층),4617,2021-11-22 21:00:00,200360.0899,450863.3339,127.0019734,37.56004649
230,230,3010000,3010000-103-1995-02221,영업/정상,97.04,100858,서울특별시 중구 중림동 128-33번지 ,서울특별시 중구 청파로 433 (중림동),4507,카르멘가요주점,2021-11-23 21:00:00,197196.8031,450663.7065,126.9661723,37.55824346
231,231,3010000,3010000-103-1995-02222,영업/정상,98.23,100420,서울특별시 중구 무학동 22-0번지 ,서울특별시 중구 다산로 225 (무학동),4611,라이브노래타운,2021-11-24 21:00:00,201287.09,451234.9462,127.0124658,37.56339392
232,232,3010000,3010000-103-1996-02157,영업/정상,129.26,100834,서울특별시 중구 신당동 374-15번지 ,서울특별시 중구 동호로12길 6 (신당동),4607,콜라보,2021-11-25 21:00:00,200873.694,450367.2897,127.0077858,37.55557688
233,233,3010000,3010000-103-1996-02182,영업/정상,107.44,100420,서울특별시 중구 무학동 32-1번지 ,서울특별시 중구 퇴계로76길 24 (무학동),4611,벅시,2021-11-26 21:00:00,201283.3565,451322.2912,127.0124236,37.56418089
234,234,3010000,3010000-103-1996-02184,영업/정상,69.76,100862,서울특별시 중구 충무로4가 132-5 ,서울특별시 중구 퇴계로 207 (충무로4가),4557,갤럭시,2021-11-27 21:00:00,199471.2693,451041.0343,126.9919137,37.56164741
235,235,3010000,3010000-103-1996-02186,영업/정상,104.56,100824,서울특별시 중구 신당동 292-149 지하1층 ,서울특별시 중구 퇴계로78길 43 (신당동, 지하1층),4585,2021-11-28 21:00:00,201386.5987,451237.7157,127.013592,37.56341873
236,236,3010000,3010000-103-1996-02187,영업/정상,78.4,100824,서울특별시 중구 신당동 292-152,서울특별시 중구 다산로38길 11 (신당동),4585,화음열린라이브,2021-11-29 21:00:00,201381.5998,451226.0831,127.0135354,37.56331393
237,237,3010000,3010000-103-1997-02092,영업/정상,84.77,100895,서울특별시 중구 신당동 309-18번지 ,서울특별시 중구 다산로 181-2, 지하 1층 (신당동),4608,2021-11-30 21:00:00,201099.7594,450833.3061,127.0103449,37.55977541
238,238,3010000,3010000-103-1997-11692,영업/정상,80.39,100823,서울특별시 중구 신당동 247-2 (지하1층) ,서울특별시 중구 퇴계로 388-1 (신당동,(지하1층)),4611,2021-12-01 21:00:00,201232.5025,451413.7832,127.0118482,37.56500529
239,239,3010000,3010000-103-1998-02039,영업/정상,59.4,100871,서울특별시 중구 황학동 2487-0번지 ,서울특별시 중구 퇴계로 461 (황학동),4575,영영단란주점,2021-12-02 21:00:00,201962.7654,451473.158,127.020114,37.56553904
240,240,3010000,3010000-103-1998-02042,영업/정상,123.51,100411,서울특별시 중구 광희동1가 142-0 ,서울특별시 중구 을지로44길 10 (광희동1가),4561,딘농3,2021-12-03 21:00:00,200498.4975,451494.7068,127.0035403,37.56573504
241,241,3010000,3010000-103-1998-11595,영업/정상,105.66,100080,서울특별시 중구 북창동 120-3번지 1층 ,서울특별시 중구 남대문로1길 12, 1층 (북창동),4526,2021-12-04 21:00:00,197956.4873,451034.3275,126.9747691,37.56158477
242,242,3010000,3010000-103-1999-11789,영업/정상,134.09,100868,서울특별시 중구 황학동 1-0번지 ,서울특별시 중구 마장로9길 49 (황학동),4571,캐슬노래주점,2021-12-05 21:00:00,201628.0538,452025.5261,127.0163266,37.57051644
243,243,3010000,3010000-103-2000-13390,영업/정상,122.47,100842,서울특별시 중구 을지로1가 32번지 지하2층 ,서울특별시 중구 남대문로9길 51 (을지로1가,지하2층),4523,2021-12-06 21:00:00,198118.8801,451614.3629,126.9766055,37.56681118
244,244,3010000,3010000-103-2000-13391,영업/정상,102.23,100080,서울특별시 중구 북창동 20-3번지 지상2층 ,,,김미,2021-12-07 21:00:00,197911.394,451104.0823,126.9742585,37.56221314
245,245,3010000,3010000-103-2002-00018,영업/정상,136.5,100871,서울특별시 중구 황학동 2491-0 (지하1층),서울특별시 중구 난계로11길 9 (황학동,(지하1층)),4575,2021-12-08 21:00:00,201955.0531,451493.9399,127.0200267,37.56572629
246,246,3010000,3010000-103-2004-00005,영업/정상,79.58,100300,서울특별시 중구 초동 37-1 ,서울특별시 중구 충무로 36-8, 2층 (초동),4556,2021-12-09 21:00:00,199333.8666,451302.0052,126.9903582,37.56399863
247,247,3010000,3010000-103-2004-00008,영업/정상,133.5,100871,서울특별시 중구 황학동 2484-0번지 (지하1층) ,서울특별시 중구 퇴계로 457 (황학동,(지하1층)),4575,2021-12-10 21:00:00,201929.9504,451483.1444,127.0197426,37.56562908
248,248,3010000,3010000-103-2005-00006,영업/정상,39.36,100869,서울특별시 중구 황학동 657-6번지 (지하1층) ,서울특별시 중구 퇴계로87길 26 (황학동,(지하1층)),4575,2021-12-11 21:00:00,201797.6608,451600.7621,127.0182455,37.56668906
249,249,3010000,3010000-103-2005-00009,영업/정상,139.03,100871,서울특별시 중구 황학동 2492번지 (지하1층) ,서울특별시 중구 난계로11길 5 (황학동,(지하1층)),4575,2021-12-12 21:00:00,201976.1194,451492.7718,127.0202652,37.56571573
250,250,3010000,3010000-103-2008-00002,영업/정상,149.51,100873,서울특별시 중구 회현동1가 65 렉스호텔 지하1층,서울특별시 중구 퇴계로10길 23 (회현동1가,렉스호텔 지하1층),4632,2021-12-13 21:00:00,198249.7588,450711.483,126.9780892,37.55867659
251,251,3010000,3010000-103-2009-00003,영업/정상,148.48,100862,서울특별시 중구 충무로4가 132-3 지하1층 ,서울특별시 중구 퇴계로 209, 지하1층 (충무로4가),4557,2021-12-14 21:00:00,199495.1532,451041.9764,126.992184,37.56165592
252,252,3010000,3010000-103-2009-00004,영업/정상,88.3,100-819,서울특별시 중구 신당동 120-9 (2층),서울특별시 중구 퇴계로 422-1 (신당동,(2층)),4577,2021-12-15 21:00:00,201567.1923,451460.577,127.0156365,37.56542641
253,253,3010000,3010000-103-2010-00001,영업/정상,92.42,100411,서울특별시 중구 광희동1가 174번지 (지하1층) ,서울특별시 중구 마른내로 161-3 (광희동1가,(지하1층)),4561,2021-12-16 21:00:00,200466.695,451383.2242,127.0031802,37.56473061
254,254,3010000,3010000-103-2010-00003,영업/정상,92.64,100032,서울특별시 중구 저동2가 78번지 지하1층(B102,103,104) ,서울특별시 중구 수표로 45 (저동2가,2021-12-17 21:00:00,199018.4667,451463.4827,126.9867881,37.56545322
255,255,3010000,3010000-103-2011-00001,영업/정상,114.6,100819,서울특별시 중구 신당동 140-4 지하1층 ,서울특별시 중구 퇴계로 436 (신당동,지하1층),4578,2021-12-18 21:00:00,201691.9031,451465.6573,127.0170481,37.56547197
256,256,3010000,3010000-103-2012-00003,영업/정상,102.28,100411,서울특별시 중구 광희동1가 189-1번지 2층 ,서울특별시 중구 마른내로 167, 2층 (광희동1가),4561,2021-12-19 21:00:00,200512.3144,451371.9641,127.0036966,37.56462914
257,257,3010000,3010000-103-2014-00001,영업/정상,111.67,100310,서울특별시 중구 오장동 139-11번지 지하1층 ,서울특별시 중구 을지로36길 35 (오장동, 지하1층),4547,2021-12-20 21:00:00,200092.1659,451408.6993,126.9989411,37.56496022
258,258,3010000,3010000-103-2014-00002,영업/정상,102.15,100-195,서울특별시 중구 을지로5가 275-6 지하1층,서울특별시 중구 동호로 350, 지하1층 (을지로5가),4561,2021-12-21 21:00:00,200168.8391,451476.043,126.9998089,37.56556698
259,259,3010000,3010000-103-2014-00004,영업/정상,93.45,100013,서울특별시 중구 충무로3가 56-1 2층 ,서울특별시 중구 수표로6길 32, 2층 (충무로3가),4554,2021-12-22 21:00:00,199229.9205,451163.7958,126.9891819,37.56275329
260,260,3010000,3010000-103-2016-00001,영업/정상,128.76,100814,서울특별시 중구 서소문동 57-7 지하1층,서울특별시 중구 서소문로 101 (서소문동, 지하1층),4516,2021-12-23 21:00:00,197492.6595,451177.6294,126.9695189,37.56287472
261,261,3010000,3010000-103-2016-00002,영업/정상,144.07,100845,서울특별시 중구 을지로2가 101-28 3층 ,서울특별시 중구 을지로9길 8, 3층 (을지로2가),4542,2021-12-24 21:00:00,198914.045,451592.0099,126.985606,37.56661111
262,262,3010000,3010000-103-2016-00003,영업/정상,116.3,100450,서울특별시 중구 신당동 100-3번지 2층 ,서울특별시 중구 퇴계로 406 (신당동, 2층),4577,2021-12-25 21:00:00,201397.8563,451435.4905,127.0137198,37.56520065
263,263,3010000,3010000-103-2018-00001,영업/정상,128.93,100869,서울특별시 중구 황학동 710번지 ,서울특별시 중구 퇴계로 443, 지하1층 (황학동),4576,2021-12-26 21:00:00,201780.5406,451506.8824,127.0180515,37.56584325
264,264,3010000,3010000-103-2018-00002,영업/정상,66.6,100879,서울특별시 중구 흥인동 96번지 ,서울특별시 중구 퇴계로 407, 2층 (흥인동),4570,2021-12-27 21:00:00,201429.7532,451480.2409,127.0140809,37.5656038
265,265,3010000,3010000-103-2018-00003,영업/정상,247.27,100281,서울특별시 중구 인현동1가 141-2번지 호운빌딩 ,서울특별시 중구 충무로 22, 호운빌딩 지하 층 (인현동1가),4556,2021-12-28 21:00:00,199336.0093,451201.8239,126.9903826,37.56309601
